symbol;horizon;signal_date;entry_date;exit_date;entry;exit;gross_pct;masi_pct;regime;period
MASI;5;2023-10-20;2023-10-23;2023-10-30;12243.53;11924.9;-2.602436;-2.602436;above;2023-2024
MASI;5;2023-12-20;2023-12-21;2023-12-28;12182.82;12046.61;-1.11805;-1.11805;above;2023-2024
MASI;5;2023-12-28;2023-12-29;2024-01-08;12092.88;12382.02;2.390994;2.390994;above;2023-2024
MASI;5;2024-01-08;2024-01-09;2024-01-17;12437.39;12594.94;1.266745;1.266745;above;2023-2024
MASI;5;2024-01-17;2024-01-18;2024-01-25;12646.67;12684.76;0.301186;0.301186;above;2023-2024
MASI;5;2024-01-25;2024-01-26;2024-02-02;12630.78;12493.4;-1.08766;-1.08766;above;2023-2024
MASI;5;2024-02-12;2024-02-13;2024-02-20;12698.28;12885.93;1.477759;1.477759;above;2023-2024
MASI;5;2024-02-20;2024-02-21;2024-02-28;12961.44;13134.04;1.331642;1.331642;above;2023-2024
MASI;5;2024-02-28;2024-02-29;2024-03-07;13031.16;12875.49;-1.194598;-1.194598;above;2023-2024
MASI;5;2024-03-15;2024-03-18;2024-03-25;13085.63;12963.23;-0.935377;-0.935377;above;2023-2024
MASI;5;2024-04-02;2024-04-03;2024-04-15;13095.43;13372.71;2.11738;2.11738;above;2023-2024
MASI;5;2024-04-15;2024-04-16;2024-04-23;13362.33;13246.66;-0.865642;-0.865642;above;2023-2024
MASI;5;2024-04-23;2024-04-24;2024-05-02;13281.24;13322.85;0.313299;0.313299;above;2023-2024
MASI;5;2024-05-02;2024-05-03;2024-05-10;13403.47;13527.01;0.921702;0.921702;above;2023-2024
MASI;5;2024-05-10;2024-05-13;2024-05-20;13541.33;13444.34;-0.716252;-0.716252;above;2023-2024
MASI;5;2024-05-20;2024-05-21;2024-05-28;13426.85;13374.25;-0.391752;-0.391752;above;2023-2024
MASI;5;2024-06-25;2024-06-26;2024-07-03;13356.07;13208.62;-1.103992;-1.103992;above;2023-2024
MASI;5;2024-07-11;2024-07-12;2024-07-19;13516.89;13623.01;0.785092;0.785092;above;2023-2024
MASI;5;2024-07-19;2024-07-22;2024-07-29;13609.34;13905.07;2.172993;2.172993;above;2023-2024
MASI;5;2024-07-29;2024-07-31;2024-08-07;13984.33;13781.04;-1.453699;-1.453699;above;2023-2024
MASI;5;2024-08-07;2024-08-08;2024-08-16;13798.1;13895.42;0.705314;0.705314;above;2023-2024
MASI;5;2024-08-16;2024-08-19;2024-08-28;13914.33;13908.54;-0.041612;-0.041612;above;2023-2024
MASI;5;2024-08-28;2024-08-29;2024-09-05;13935.08;13906.42;-0.205668;-0.205668;above;2023-2024
MASI;5;2024-09-05;2024-09-06;2024-09-13;13911.35;13998.92;0.629486;0.629486;above;2023-2024
MASI;5;2024-09-13;2024-09-18;2024-09-25;14088.04;14282.71;1.38181;1.38181;above;2023-2024
MASI;5;2024-09-25;2024-09-26;2024-10-03;14370.64;14154.97;-1.500768;-1.500768;above;2023-2024
MASI;5;2024-10-03;2024-10-04;2024-10-11;14167.03;14101.61;-0.461776;-0.461776;above;2023-2024
MASI;5;2024-10-29;2024-10-30;2024-11-07;14182.32;14487.67;2.153033;2.153033;above;2023-2024
MASI;5;2024-11-07;2024-11-08;2024-11-15;14663.22;14862.45;1.358706;1.358706;above;2023-2024
MASI;5;2024-11-15;2024-11-19;2024-11-26;14976.79;14811.74;-1.102039;-1.102039;above;2023-2024
MASI;5;2024-11-26;2024-11-27;2024-12-04;14901.08;14749.59;-1.016638;-1.016638;above;2023-2024
MASI;5;2024-12-30;2024-12-31;2025-01-08;14773.19;15723.69;6.433952;6.433952;above;2023-2024
MASI;5;2025-01-08;2025-01-09;2025-01-17;15845.63;16021.76;1.111537;1.111537;above;2025+
MASI;5;2025-01-17;2025-01-20;2025-01-27;15969.02;15886.27;-0.518191;-0.518191;above;2025+
MASI;5;2025-01-27;2025-01-28;2025-02-04;15912.73;16246.33;2.096435;2.096435;above;2025+
MASI;5;2025-02-04;2025-02-05;2025-02-12;16217.65;16393.13;1.082031;1.082031;above;2025+
MASI;5;2025-02-12;2025-02-13;2025-02-20;16397.54;16952.65;3.385325;3.385325;above;2025+
MASI;5;2025-02-20;2025-02-21;2025-02-28;16843.03;16723.79;-0.707949;-0.707949;above;2025+
MASI;5;2025-02-28;2025-03-03;2025-03-10;16792.12;16583.26;-1.243798;-1.243798;above;2025+
MASI;5;2025-03-18;2025-03-19;2025-03-26;17193.01;17567.95;2.18077;2.18077;above;2025+
MASI;5;2025-03-26;2025-03-27;2025-04-07;17591.12;16260.3;-7.565294;-7.565294;above;2025+
MASI;5;2025-04-23;2025-04-24;2025-05-02;17299.38;17508.82;1.210679;1.210679;above;2025+
MASI;5;2025-05-02;2025-05-05;2025-05-12;17437.22;18033.08;3.417173;3.417173;above;2025+
MASI;5;2025-05-12;2025-05-13;2025-05-20;18066.76;18058.21;-0.047324;-0.047324;above;2025+
MASI;5;2025-05-20;2025-05-21;2025-05-28;18025.57;17996.58;-0.160827;-0.160827;above;2025+
MASI;5;2025-05-28;2025-05-29;2025-06-05;17920.91;18690.36;4.293588;4.293588;above;2025+
MASI;5;2025-06-05;2025-06-06;2025-06-16;18562.47;18178.61;-2.067936;-2.067936;above;2025+
MASI;5;2025-06-24;2025-06-25;2025-07-03;18405.66;18590.45;1.003985;1.003985;above;2025+
MASI;5;2025-07-03;2025-07-04;2025-07-11;18648.61;18998.71;1.877352;1.877352;above;2025+
MASI;5;2025-07-11;2025-07-14;2025-07-21;18920.24;19176.04;1.351991;1.351991;above;2025+
MASI;5;2025-07-21;2025-07-22;2025-07-29;19192.56;19446.17;1.321397;1.321397;above;2025+
MASI;5;2025-07-29;2025-07-31;2025-08-07;19634.87;19779.01;0.734102;0.734102;above;2025+
MASI;5;2025-08-07;2025-08-08;2025-08-18;19818.76;19745.09;-0.371719;-0.371719;above;2025+
MASI;5;2025-08-18;2025-08-19;2025-08-28;19619.56;20138.22;2.643586;2.643586;above;2025+
MASI;5;2025-08-28;2025-08-29;2025-09-08;20054.88;20040.46;-0.071903;-0.071903;above;2025+
MASI;5;2025-09-08;2025-09-09;2025-09-16;19521.3;19646.32;0.640429;0.640429;above;2025+
MASI;5;2025-11-05;2025-11-07;2025-11-14;19268.4;18645.53;-3.232598;-3.232598;above;2025+
MASI;5;2025-12-19;2025-12-22;2025-12-29;18941.74;18386.49;-2.931357;-2.931357;above;2025+
MASI;5;2026-01-07;2026-01-08;2026-01-16;19388.28;19200.47;-0.968678;-0.968678;above;2025+
MASI;5;2026-01-16;2026-01-19;2026-01-26;19008.06;18384.99;-3.277925;-3.277925;above;2025+
MASI;5;2026-04-14;2026-04-15;2026-04-22;18743.91;19158.61;2.212452;2.212452;below;2025+
MASI;5;2026-04-22;2026-04-23;2026-04-30;19138.85;18583.53;-2.901533;-2.901533;above;2025+
MASI;5;2026-04-30;2026-05-04;2026-05-11;18696.6;18850.91;0.825337;0.825337;below;2025+
MASI;5;2026-05-11;2026-05-12;2026-05-19;18776.54;18263.97;-2.729843;-2.729843;above;2025+
MASI;5;2026-06-01;2026-06-02;2026-06-09;18583.39;18505.63;-0.418438;-0.418438;above;2025+
MASI;5;2026-08-10;2026-08-11;2026-08-19;18703.79;18992.4;1.543056;1.543056;above;2025+
MASI;5;2026-08-19;2026-08-24;2026-09-02;19124.18;18517.79;-3.170803;-3.170803;above;2025+
MASI;20;2023-10-20;2023-10-23;2023-11-21;12243.53;11976.24;-2.183112;-2.183112;above;2023-2024
MASI;20;2023-12-20;2023-12-21;2024-01-22;12182.82;12720.69;4.414988;4.414988;above;2023-2024
MASI;20;2024-01-22;2024-01-23;2024-02-20;12747.3;12885.93;1.087524;1.087524;above;2023-2024
MASI;20;2024-02-20;2024-02-21;2024-03-20;12961.44;12961.87;0.003318;0.003318;above;2023-2024
MASI;20;2024-04-23;2024-04-24;2024-05-23;13281.24;13375.53;0.709949;0.709949;above;2023-2024
MASI;20;2024-06-25;2024-06-26;2024-07-24;13356.07;13641.18;2.134685;2.134685;above;2023-2024
MASI;20;2024-07-24;2024-07-25;2024-08-28;13660.65;13908.54;1.814628;1.814628;above;2023-2024
MASI;20;2024-08-28;2024-08-29;2024-09-30;13935.08;14372.84;3.141424;3.141424;above;2023-2024
MASI;20;2024-09-30;2024-10-01;2024-10-29;14201.37;14247.73;0.326447;0.326447;above;2023-2024
MASI;20;2024-10-29;2024-10-30;2024-11-29;14182.32;14837.22;4.617721;4.617721;above;2023-2024
MASI;20;2024-11-29;2024-12-02;2024-12-30;14718.91;14719.22;0.002106;0.002106;above;2023-2024
MASI;20;2024-12-30;2024-12-31;2025-01-30;14773.19;16344.54;10.636498;10.636498;above;2023-2024
MASI;20;2025-01-30;2025-01-31;2025-02-28;16248.2;16723.79;2.927032;2.927032;above;2025+
MASI;20;2025-02-28;2025-03-03;2025-04-02;16792.12;17675.36;5.259848;5.259848;above;2025+
MASI;20;2025-04-02;2025-04-03;2025-05-02;17258.37;17508.82;1.45118;1.45118;above;2025+
MASI;20;2025-05-02;2025-05-05;2025-06-02;17437.22;18193.2;4.335439;4.335439;above;2025+
MASI;20;2025-06-02;2025-06-03;2025-07-03;18325.68;18590.45;1.444803;1.444803;above;2025+
MASI;20;2025-07-03;2025-07-04;2025-08-04;18648.61;19547.29;4.819019;4.819019;above;2025+
MASI;20;2025-08-04;2025-08-05;2025-09-08;19575.76;20040.46;2.373854;2.373854;above;2025+
MASI;20;2025-09-08;2025-09-09;2025-10-07;19521.3;18983.55;-2.754683;-2.754683;above;2025+
MASI;20;2025-11-05;2025-11-07;2025-12-08;19268.4;18473.46;-4.125615;-4.125615;above;2025+
MASI;20;2026-01-07;2026-01-08;2026-02-06;19388.28;18306.8;-5.578009;-5.578009;above;2025+
MASI;20;2026-04-09;2026-04-10;2026-05-11;18447.35;18850.91;2.187631;2.187631;below;2025+
MASI;20;2026-05-11;2026-05-12;2026-06-12;18776.54;17952.37;-4.38936;-4.38936;above;2025+
MASI;20;2026-08-13;2026-08-17;2026-09-30;18834.22;17733.0593;-5.846596;-5.846596;above;2025+
MASI;60;2023-10-20;2023-10-23;2024-01-18;12243.53;12646.67;3.292678;3.292678;above;2023-2024
MASI;60;2024-01-18;2024-01-19;2024-04-17;12685.03;13384.83;5.516739;5.516739;above;2023-2024
MASI;60;2024-04-17;2024-04-18;2024-07-16;13455.65;13456.34;0.005128;0.005128;above;2023-2024
MASI;60;2024-07-16;2024-07-17;2024-10-17;13585.39;14125.25;3.973828;3.973828;above;2023-2024
MASI;60;2025-01-16;2025-01-17;2025-04-15;16021.76;17056.95;6.46115;6.46115;above;2025+
MASI;60;2025-07-14;2025-07-15;2025-10-14;18824.28;18296.61;-2.803135;-2.803135;above;2025+
MASI;60;2026-01-12;2026-01-13;2026-04-10;19381.89;18447.35;-4.821718;-4.821718;above;2025+
MASI;60;2026-04-10;2026-04-13;2026-07-13;18347.19;17846.86;-2.727012;-2.727012;below;2025+
ADH;5;2023-10-20;2023-10-23;2023-10-30;15.45;15.24;-1.359223;-2.602436;above;2023-2024
ADH;5;2023-10-30;2023-10-31;2023-11-08;15.42;15.18;-1.55642;-0.503259;above;2023-2024
ADH;5;2023-11-08;2023-11-09;2023-11-16;15.3;16.21;5.947712;0.192435;above;2023-2024
ADH;5;2023-11-16;2023-11-17;2023-11-24;16.21;16.01;-1.233806;0.08462;above;2023-2024
ADH;5;2023-11-24;2023-11-27;2023-12-04;16.1;14.78;-8.198758;-0.977137;above;2023-2024
ADH;5;2024-01-08;2024-01-09;2024-01-17;16.41;16.3;-0.670323;1.266745;above;2023-2024
ADH;5;2024-01-17;2024-01-18;2024-01-25;16.8;16.4;-2.380952;0.301186;above;2023-2024
ADH;5;2024-01-25;2024-01-26;2024-02-02;16.3;15.94;-2.208589;-1.08766;above;2023-2024
ADH;5;2024-02-20;2024-02-21;2024-02-28;16.47;17.2;4.432301;1.331642;above;2023-2024
ADH;5;2024-02-28;2024-02-29;2024-03-07;18.0;18.81;4.5;-1.194598;above;2023-2024
ADH;5;2024-03-07;2024-03-08;2024-03-15;18.89;20.0;5.876125;1.210308;above;2023-2024
ADH;5;2024-03-15;2024-03-18;2024-03-25;20.8;22.25;6.971154;-0.935377;above;2023-2024
ADH;5;2024-03-25;2024-03-26;2024-04-02;21.4;23.78;11.121495;0.88627;above;2023-2024
ADH;5;2024-04-02;2024-04-03;2024-04-15;24.5;34.16;39.428571;2.11738;above;2023-2024
ADH;5;2024-04-15;2024-04-16;2024-04-23;37.5;32.48;-13.386667;-0.865642;above;2023-2024
ADH;5;2024-04-23;2024-04-24;2024-05-02;32.05;32.3;0.780031;0.313299;above;2023-2024
ADH;5;2024-05-02;2024-05-03;2024-05-10;30.5;31.1;1.967213;0.921702;above;2023-2024
ADH;5;2024-05-20;2024-05-21;2024-05-28;30.78;30.1;-2.209227;-0.391752;above;2023-2024
ADH;5;2024-07-29;2024-07-31;2024-08-07;32.0;30.05;-6.09375;-1.453699;above;2023-2024
ADH;5;2024-08-07;2024-08-08;2024-08-16;29.42;30.29;2.957172;0.705314;above;2023-2024
ADH;5;2024-08-16;2024-08-19;2024-08-28;30.69;30.01;-2.215705;-0.041612;above;2023-2024
ADH;5;2024-09-05;2024-09-06;2024-09-13;35.1;36.5;3.988604;0.629486;above;2023-2024
ADH;5;2024-09-13;2024-09-18;2024-09-25;37.53;37.85;0.852651;1.38181;above;2023-2024
ADH;5;2024-09-25;2024-09-26;2024-10-03;38.4;36.12;-5.9375;-1.500768;above;2023-2024
ADH;5;2024-11-15;2024-11-19;2024-11-26;37.0;38.4;3.783784;-1.102039;above;2023-2024
ADH;5;2024-11-26;2024-11-27;2024-12-04;39.28;37.8;-3.767821;-1.016638;above;2023-2024
ADH;5;2024-12-04;2024-12-05;2024-12-12;38.66;38.05;-1.577858;-1.36814;above;2023-2024
ADH;5;2024-12-30;2024-12-31;2025-01-08;39.3;46.25;17.684478;6.433952;above;2023-2024
ADH;5;2025-01-08;2025-01-09;2025-01-17;46.3;46.56;0.561555;1.111537;above;2025+
ADH;5;2025-01-17;2025-01-20;2025-01-27;46.22;45.0;-2.63955;-0.518191;above;2025+
ADH;5;2025-01-27;2025-01-28;2025-02-04;44.9;45.0;0.222717;2.096435;above;2025+
ADH;5;2025-02-20;2025-02-21;2025-02-28;44.0;41.77;-5.068182;-0.707949;above;2025+
ADH;5;2025-03-26;2025-03-27;2025-04-07;46.45;39.3;-15.392896;-7.565294;above;2025+
ADH;5;2025-07-29;2025-07-31;2025-08-07;37.0;40.0;8.108108;0.734102;above;2025+
ADH;5;2025-08-07;2025-08-08;2025-08-18;41.75;39.35;-5.748503;-0.371719;above;2025+
ADH;5;2025-08-18;2025-08-19;2025-08-28;38.61;39.0;1.010101;2.643586;above;2025+
ADH;5;2025-09-08;2025-09-09;2025-09-16;40.0;40.5;1.25;0.640429;above;2025+
ADH;5;2025-10-28;2025-10-29;2025-11-05;41.4;40.14;-3.043478;-0.48965;above;2025+
ADH;5;2025-11-05;2025-11-07;2025-11-14;39.71;37.81;-4.784689;-3.232598;above;2025+
ADH;5;2026-04-06;2026-04-07;2026-04-14;31.49;35.45;12.575421;7.837297;below;2025+
ADH;5;2026-04-14;2026-04-15;2026-04-22;35.29;35.5;0.595069;2.212452;below;2025+
ADH;5;2026-04-22;2026-04-23;2026-04-30;35.6;33.41;-6.151685;-2.901533;above;2025+
ADH;20;2023-10-20;2023-10-23;2023-11-21;15.45;16.5;6.796117;-2.183112;above;2023-2024
ADH;20;2023-11-21;2023-11-22;2023-12-20;16.23;14.93;-8.009858;2.05255;above;2023-2024
ADH;20;2024-01-22;2024-01-23;2024-02-20;16.61;16.28;-1.986755;1.087524;above;2023-2024
ADH;20;2024-02-20;2024-02-21;2024-03-20;16.47;21.0;27.504554;0.003318;above;2023-2024
ADH;20;2024-03-20;2024-03-21;2024-04-23;21.23;32.48;52.99105;2.073579;above;2023-2024
ADH;20;2024-04-23;2024-04-24;2024-05-23;32.05;29.31;-8.549142;0.709949;above;2023-2024
ADH;20;2024-07-24;2024-07-25;2024-08-28;29.59;30.01;1.419398;1.814628;above;2023-2024
ADH;20;2024-09-30;2024-10-01;2024-10-29;37.8;34.5;-8.730159;0.326447;above;2023-2024
ADH;20;2024-11-29;2024-12-02;2024-12-30;38.0;38.95;2.5;0.002106;above;2023-2024
ADH;20;2024-12-30;2024-12-31;2025-01-30;39.3;45.95;16.92112;10.636498;above;2023-2024
ADH;20;2025-01-30;2025-01-31;2025-02-28;44.8;41.77;-6.763393;2.927032;above;2025+
ADH;20;2025-04-02;2025-04-03;2025-05-02;42.9;38.48;-10.30303;1.45118;above;2025+
ADH;20;2025-08-04;2025-08-05;2025-09-08;38.2;41.35;8.246073;2.373854;above;2025+
ADH;20;2025-09-08;2025-09-09;2025-10-07;40.0;37.5;-6.25;-2.754683;above;2025+
ADH;20;2025-11-05;2025-11-07;2025-12-08;39.71;35.61;-10.324855;-4.125615;above;2025+
ADH;20;2026-04-09;2026-04-10;2026-05-11;34.71;33.2;-4.350331;2.187631;below;2025+
ADH;60;2023-10-20;2023-10-23;2024-01-18;15.45;16.8;8.737864;3.292678;above;2023-2024
ADH;60;2024-01-18;2024-01-19;2024-04-17;16.89;35.15;108.111308;5.516739;above;2023-2024
ADH;60;2024-04-17;2024-04-18;2024-07-16;36.2;29.16;-19.447514;0.005128;above;2023-2024
ADH;60;2025-01-16;2025-01-17;2025-04-15;46.56;41.84;-10.137457;6.46115;above;2025+
ADI;5;2023-10-20;2023-10-23;2023-10-30;110.25;109.5;-0.680272;-2.602436;above;2023-2024
ADI;5;2023-11-16;2023-11-17;2023-11-24;110.5;109.9;-0.542986;0.08462;above;2023-2024
ADI;5;2023-11-24;2023-11-27;2023-12-04;109.8;105.5;-3.916211;-0.977137;above;2023-2024
ADI;5;2023-12-20;2023-12-21;2023-12-28;114.9;115.0;0.087032;-1.11805;above;2023-2024
ADI;5;2023-12-28;2023-12-29;2024-01-08;115.5;143.65;24.372294;2.390994;above;2023-2024
ADI;5;2024-01-08;2024-01-09;2024-01-17;142.0;147.0;3.521127;1.266745;above;2023-2024
ADI;5;2024-01-17;2024-01-18;2024-01-25;155.0;155.0;0.0;0.301186;above;2023-2024
ADI;5;2024-01-25;2024-01-26;2024-02-02;153.0;153.8;0.522876;-1.08766;above;2023-2024
ADI;5;2024-02-02;2024-02-05;2024-02-12;151.1;156.0;3.242886;1.974271;above;2023-2024
ADI;5;2024-02-12;2024-02-13;2024-02-20;155.0;157.0;1.290323;1.477759;above;2023-2024
ADI;5;2024-02-20;2024-02-21;2024-02-28;157.95;170.0;7.628997;1.331642;above;2023-2024
ADI;5;2024-02-28;2024-02-29;2024-03-07;170.4;175.05;2.728873;-1.194598;above;2023-2024
ADI;5;2024-03-07;2024-03-08;2024-03-15;176.0;184.0;4.545455;1.210308;above;2023-2024
ADI;5;2024-03-15;2024-03-18;2024-03-25;189.0;191.0;1.058201;-0.935377;above;2023-2024
ADI;5;2024-03-25;2024-03-26;2024-04-02;190.0;234.95;23.657895;0.88627;above;2023-2024
ADI;5;2024-04-02;2024-04-03;2024-04-15;238.0;280.0;17.647059;2.11738;above;2023-2024
ADI;5;2024-04-15;2024-04-16;2024-04-23;261.85;236.0;-9.872064;-0.865642;above;2023-2024
ADI;5;2024-04-23;2024-04-24;2024-05-02;233.0;236.1;1.330472;0.313299;above;2023-2024
ADI;5;2024-05-10;2024-05-13;2024-05-20;252.0;247.1;-1.944444;-0.716252;above;2023-2024
ADI;5;2024-05-20;2024-05-21;2024-05-28;245.9;255.7;3.98536;-0.391752;above;2023-2024
ADI;5;2024-05-28;2024-05-29;2024-06-05;250.0;239.5;-4.2;-2.205187;above;2023-2024
ADI;5;2024-06-13;2024-06-14;2024-06-25;250.0;250.0;0.0;1.881824;above;2023-2024
ADI;5;2024-06-25;2024-06-26;2024-07-03;249.85;236.0;-5.543326;-1.103992;above;2023-2024
ADI;5;2024-07-19;2024-07-22;2024-07-29;259.0;263.0;1.544402;2.172993;above;2023-2024
ADI;5;2024-07-29;2024-07-31;2024-08-07;263.0;249.0;-5.323194;-1.453699;above;2023-2024
ADI;5;2024-08-28;2024-08-29;2024-09-05;266.9;287.0;7.53091;-0.205668;above;2023-2024
ADI;5;2024-09-05;2024-09-06;2024-09-13;290.0;302.5;4.310345;0.629486;above;2023-2024
ADI;5;2024-09-13;2024-09-18;2024-09-25;311.15;318.0;2.201511;1.38181;above;2023-2024
ADI;5;2024-09-25;2024-09-26;2024-10-03;320.0;300.0;-6.25;-1.500768;above;2023-2024
ADI;5;2024-10-29;2024-10-30;2024-11-07;326.6;335.0;2.571953;2.153033;above;2023-2024
ADI;5;2024-11-07;2024-11-08;2024-11-15;346.0;366.0;5.780347;1.358706;above;2023-2024
ADI;5;2024-11-15;2024-11-19;2024-11-26;372.0;392.5;5.510753;-1.102039;above;2023-2024
ADI;5;2024-11-26;2024-11-27;2024-12-04;404.0;422.9;4.678218;-1.016638;above;2023-2024
ADI;5;2024-12-04;2024-12-05;2024-12-12;440.0;439.0;-0.227273;-1.36814;above;2023-2024
ADI;5;2024-12-12;2024-12-13;2024-12-20;441.0;443.0;0.453515;0.11316;above;2023-2024
ADI;5;2024-12-20;2024-12-23;2024-12-30;441.3;460.0;4.23748;-0.008288;above;2023-2024
ADI;5;2024-12-30;2024-12-31;2025-01-08;480.0;545.0;13.541667;6.433952;above;2023-2024
ADI;5;2025-01-08;2025-01-09;2025-01-17;532.0;527.0;-0.93985;1.111537;above;2025+
ADI;5;2025-01-17;2025-01-20;2025-01-27;525.5;514.0;-2.188392;-0.518191;above;2025+
ADI;5;2025-01-27;2025-01-28;2025-02-04;518.0;538.7;3.996139;2.096435;above;2025+
ADI;5;2025-02-04;2025-02-05;2025-02-12;538.0;541.0;0.557621;1.082031;above;2025+
ADI;5;2025-02-12;2025-02-13;2025-02-20;550.0;600.0;9.090909;3.385325;above;2025+
ADI;5;2025-02-20;2025-02-21;2025-02-28;581.0;570.0;-1.893287;-0.707949;above;2025+
ADI;5;2025-02-28;2025-03-03;2025-03-10;575.0;560.0;-2.608696;-1.243798;above;2025+
ADI;5;2025-06-05;2025-06-06;2025-06-16;513.2;485.0;-5.494934;-2.067936;above;2025+
ADI;5;2025-07-03;2025-07-04;2025-07-11;490.0;499.0;1.836735;1.877352;above;2025+
ADI;5;2025-07-11;2025-07-14;2025-07-21;494.45;482.1;-2.497725;1.351991;above;2025+
ADI;5;2025-08-07;2025-08-08;2025-08-18;550.0;535.0;-2.727273;-0.371719;above;2025+
ADI;5;2025-08-18;2025-08-19;2025-08-28;534.9;545.0;1.888203;2.643586;above;2025+
ADI;5;2025-08-28;2025-08-29;2025-09-08;535.0;540.0;0.934579;-0.071903;above;2025+
ADI;5;2025-10-20;2025-10-21;2025-10-28;543.0;608.7;12.099448;0.365781;above;2025+
ADI;5;2025-10-28;2025-10-29;2025-11-05;618.2;603.2;-2.426399;-0.48965;above;2025+
ADI;5;2025-11-05;2025-11-07;2025-11-14;618.1;595.0;-3.737259;-3.232598;above;2025+
ADI;5;2025-11-14;2025-11-17;2025-11-25;590.0;571.0;-3.220339;-0.613156;above;2025+
ADI;5;2026-04-22;2026-04-23;2026-04-30;460.0;440.0;-4.347826;-2.901533;above;2025+
ADI;5;2026-08-10;2026-08-11;2026-08-19;398.0;429.95;8.027638;1.543056;above;2025+
ADI;5;2026-08-19;2026-08-24;2026-09-02;436.2;420.0;-3.713893;-3.170803;above;2025+
ADI;5;2026-09-02;2026-09-03;2026-09-22;420.0;404.0;-3.809524;-3.386329;above;2025+
ADI;20;2023-10-20;2023-10-23;2023-11-21;110.25;112.0;1.587302;-2.183112;above;2023-2024
ADI;20;2023-11-21;2023-11-22;2023-12-20;109.1;116.0;6.324473;2.05255;above;2023-2024
ADI;20;2023-12-20;2023-12-21;2024-01-22;114.9;152.1;32.375979;4.414988;above;2023-2024
ADI;20;2024-01-22;2024-01-23;2024-02-20;156.0;157.0;0.641026;1.087524;above;2023-2024
ADI;20;2024-02-20;2024-02-21;2024-03-20;157.95;185.0;17.125673;0.003318;above;2023-2024
ADI;20;2024-03-20;2024-03-21;2024-04-23;189.0;236.0;24.867725;2.073579;above;2023-2024
ADI;20;2024-04-23;2024-04-24;2024-05-23;233.0;240.0;3.004292;0.709949;above;2023-2024
ADI;20;2024-06-25;2024-06-26;2024-07-24;249.85;255.0;2.061237;2.134685;above;2023-2024
ADI;20;2024-07-24;2024-07-25;2024-08-28;253.9;253.0;-0.35447;1.814628;above;2023-2024
ADI;20;2024-08-28;2024-08-29;2024-09-30;266.9;323.0;21.019108;3.141424;above;2023-2024
ADI;20;2024-09-30;2024-10-01;2024-10-29;306.0;333.1;8.856209;0.326447;above;2023-2024
ADI;20;2024-10-29;2024-10-30;2024-11-29;326.6;411.0;25.842009;4.617721;above;2023-2024
ADI;20;2024-11-29;2024-12-02;2024-12-30;412.0;460.0;11.650485;0.002106;above;2023-2024
ADI;20;2024-12-30;2024-12-31;2025-01-30;480.0;540.0;12.5;10.636498;above;2023-2024
ADI;20;2025-01-30;2025-01-31;2025-02-28;542.0;570.0;5.166052;2.927032;above;2025+
ADI;20;2025-02-28;2025-03-03;2025-04-02;575.0;554.9;-3.495652;5.259848;above;2025+
ADI;20;2025-04-02;2025-04-03;2025-05-02;530.0;488.0;-7.924528;1.45118;above;2025+
ADI;20;2025-06-02;2025-06-03;2025-07-03;510.0;492.0;-3.529412;1.444803;above;2025+
ADI;20;2025-07-03;2025-07-04;2025-08-04;490.0;490.0;0.0;4.819019;above;2025+
ADI;20;2025-08-04;2025-08-05;2025-09-08;500.0;540.0;8.0;2.373854;above;2025+
ADI;20;2025-10-07;2025-10-08;2025-11-05;527.0;603.2;14.459203;2.880201;above;2025+
ADI;20;2025-11-05;2025-11-07;2025-12-08;618.1;561.5;-9.157094;-4.125615;above;2025+
ADI;20;2026-08-13;2026-08-17;2026-09-30;424.0;380.0;-10.377358;-5.846596;above;2025+
ADI;60;2023-10-20;2023-10-23;2024-01-18;110.25;155.0;40.589569;3.292678;above;2023-2024
ADI;60;2024-01-18;2024-01-19;2024-04-17;152.9;245.0;60.235448;5.516739;above;2023-2024
ADI;60;2024-04-17;2024-04-18;2024-07-16;251.8;240.0;-4.686259;0.005128;above;2023-2024
ADI;60;2024-10-17;2024-10-18;2025-01-16;300.0;527.0;75.666667;14.206527;above;2023-2024
ADI;60;2025-01-16;2025-01-17;2025-04-15;527.0;510.0;-3.225806;6.46115;above;2025+
ADI;60;2025-07-14;2025-07-15;2025-10-14;490.0;509.9;4.061224;-2.803135;above;2025+
AFI;5;2023-12-12;2023-12-13;2023-12-20;312.0;312.0;0.0;1.08122;above;2023-2024
AFI;5;2023-12-20;2023-12-21;2023-12-28;312.5;336.9;7.808;-1.11805;above;2023-2024
AFI;5;2023-12-28;2023-12-29;2024-01-08;334.95;325.1;-2.940737;2.390994;above;2023-2024
AFI;5;2024-01-08;2024-01-09;2024-01-17;325.3;328.0;0.830003;1.266745;above;2023-2024
AFI;5;2024-01-17;2024-01-18;2024-01-25;328.0;321.0;-2.134146;0.301186;above;2023-2024
AFI;5;2024-03-15;2024-03-18;2024-03-25;319.0;318.0;-0.31348;-0.935377;above;2023-2024
AFI;5;2024-04-15;2024-04-16;2024-04-23;323.4;320.0;-1.05133;-0.865642;above;2023-2024
AFI;5;2024-05-20;2024-05-21;2024-05-28;320.0;320.0;0.0;-0.391752;above;2023-2024
AFI;5;2024-06-05;2024-06-06;2024-06-13;322.0;323.0;0.310559;-0.416116;above;2023-2024
AFI;5;2024-06-13;2024-06-14;2024-06-25;323.0;320.0;-0.928793;1.881824;above;2023-2024
AFI;5;2024-10-03;2024-10-04;2024-10-11;315.7;303.5;-3.864428;-0.461776;above;2023-2024
AFI;5;2025-01-08;2025-01-09;2025-01-17;303.0;305.0;0.660066;1.111537;above;2025+
AFI;5;2025-01-17;2025-01-20;2025-01-27;300.0;305.0;1.666667;-0.518191;above;2025+
AFI;5;2025-01-27;2025-01-28;2025-02-04;304.6;310.0;1.772817;2.096435;above;2025+
AFI;5;2025-02-04;2025-02-05;2025-02-12;305.0;305.0;0.0;1.082031;above;2025+
AFI;5;2025-03-10;2025-03-11;2025-03-18;329.0;326.4;-0.790274;2.201264;above;2025+
AFI;5;2025-03-18;2025-03-19;2025-03-26;325.0;338.5;4.153846;2.18077;above;2025+
AFI;5;2025-03-26;2025-03-27;2025-04-07;335.0;315.0;-5.970149;-7.565294;above;2025+
AFI;5;2025-05-02;2025-05-05;2025-05-12;334.0;336.0;0.598802;3.417173;above;2025+
AFI;5;2025-05-12;2025-05-13;2025-05-20;339.95;340.0;0.014708;-0.047324;above;2025+
AFI;5;2025-05-20;2025-05-21;2025-05-28;340.75;342.0;0.366838;-0.160827;above;2025+
AFI;5;2025-05-28;2025-05-29;2025-06-05;338.05;342.8;1.405118;4.293588;above;2025+
AFI;5;2025-06-05;2025-06-06;2025-06-16;343.0;310.05;-9.606414;-2.067936;above;2025+
AFI;5;2025-07-03;2025-07-04;2025-07-11;351.0;340.0;-3.133903;1.877352;above;2025+
AFI;5;2025-07-11;2025-07-14;2025-07-21;340.0;334.9;-1.5;1.351991;above;2025+
AFI;5;2025-08-18;2025-08-19;2025-08-28;344.0;340.05;-1.148256;2.643586;above;2025+
AFI;5;2025-08-28;2025-08-29;2025-09-08;340.0;332.0;-2.352941;-0.071903;above;2025+
AFI;5;2025-09-16;2025-09-17;2025-09-24;333.0;337.0;1.201201;0.15863;above;2025+
AFI;5;2025-09-24;2025-09-25;2025-10-02;338.0;325.0;-3.846154;-4.992012;above;2025+
AFI;5;2025-11-05;2025-11-07;2025-11-14;331.0;334.8;1.148036;-3.232598;above;2025+
AFI;5;2025-11-14;2025-11-17;2025-11-25;329.0;327.2;-0.547112;-0.613156;above;2025+
AFI;5;2025-12-11;2025-12-12;2025-12-19;333.0;335.0;0.600601;2.002477;above;2025+
AFI;5;2025-12-19;2025-12-22;2025-12-29;335.0;335.2;0.059701;-2.931357;above;2025+
AFI;5;2025-12-29;2025-12-30;2026-01-07;336.0;345.3;2.767857;4.238708;below;2025+
AFI;5;2026-01-07;2026-01-08;2026-01-16;349.0;346.0;-0.859599;-0.968678;above;2025+
AFI;5;2026-01-16;2026-01-19;2026-01-26;345.15;342.0;-0.912647;-3.277925;above;2025+
AFI;5;2026-02-19;2026-02-20;2026-02-27;348.0;340.0;-2.298851;-2.997106;below;2025+
AFI;5;2026-04-14;2026-04-15;2026-04-22;350.0;350.0;0.0;2.212452;below;2025+
AFI;5;2026-04-22;2026-04-23;2026-04-30;350.0;350.0;0.0;-2.901533;above;2025+
AFI;5;2026-04-30;2026-05-04;2026-05-11;350.0;349.95;-0.014286;0.825337;below;2025+
AFI;5;2026-06-01;2026-06-02;2026-06-09;360.0;354.0;-1.666667;-0.418438;above;2025+
AFI;5;2026-06-09;2026-06-10;2026-06-18;354.9;360.0;1.437025;1.186217;below;2025+
AFI;5;2026-06-18;2026-06-19;2026-06-26;345.0;336.95;-2.333333;-1.804636;below;2025+
AFI;5;2026-08-19;2026-08-24;2026-09-02;335.0;330.95;-1.208955;-3.170803;above;2025+
AFI;20;2023-12-20;2023-12-21;2024-01-22;312.5;326.0;4.32;4.414988;above;2023-2024
AFI;20;2025-01-30;2025-01-31;2025-02-28;305.55;303.0;-0.834561;2.927032;above;2025+
AFI;20;2025-04-02;2025-04-03;2025-05-02;326.0;334.8;2.699387;1.45118;above;2025+
AFI;20;2025-05-02;2025-05-05;2025-06-02;334.0;338.0;1.197605;4.335439;above;2025+
AFI;20;2025-07-03;2025-07-04;2025-08-04;351.0;326.0;-7.122507;4.819019;above;2025+
AFI;20;2025-11-05;2025-11-07;2025-12-08;331.0;325.1;-1.782477;-4.125615;above;2025+
AFI;20;2026-01-07;2026-01-08;2026-02-06;349.0;330.5;-5.30086;-5.578009;above;2025+
AFI;20;2026-04-09;2026-04-10;2026-05-11;350.0;349.95;-0.014286;2.187631;below;2025+
AFI;20;2026-06-12;2026-06-15;2026-07-14;360.0;326.9;-9.194444;-5.010603;below;2025+
AFI;60;2024-01-18;2024-01-19;2024-04-17;332.0;323.4;-2.590361;5.516739;above;2023-2024
AFI;60;2024-04-17;2024-04-18;2024-07-16;316.95;315.0;-0.615239;0.005128;above;2023-2024
AFI;60;2025-07-14;2025-07-15;2025-10-14;330.0;327.1;-0.878788;-2.803135;above;2025+
AFI;60;2026-01-12;2026-01-13;2026-04-10;346.95;350.0;0.879089;-4.821718;above;2025+
AFI;60;2026-04-10;2026-04-13;2026-07-13;350.0;325.0;-7.142857;-2.727012;below;2025+
AFM;5;2024-02-20;2024-02-21;2024-02-28;1214.0;1228.0;1.153213;1.331642;above;2023-2024
AFM;5;2024-02-28;2024-02-29;2024-03-07;1252.0;1237.0;-1.198083;-1.194598;above;2023-2024
AFM;5;2024-03-07;2024-03-08;2024-03-15;1224.0;1204.0;-1.633987;1.210308;above;2023-2024
AFM;5;2024-04-23;2024-04-24;2024-05-02;1213.0;1208.0;-0.412201;0.313299;above;2023-2024
AFM;5;2024-05-10;2024-05-13;2024-05-20;1238.0;1235.0;-0.242326;-0.716252;above;2023-2024
AFM;5;2024-05-20;2024-05-21;2024-05-28;1232.0;1235.0;0.243506;-0.391752;above;2023-2024
AFM;5;2024-05-28;2024-05-29;2024-06-05;1237.0;1238.0;0.080841;-2.205187;above;2023-2024
AFM;5;2024-06-05;2024-06-06;2024-06-13;1239.0;1213.0;-2.098467;-0.416116;above;2023-2024
AFM;5;2024-07-19;2024-07-22;2024-07-29;1244.0;1224.0;-1.607717;2.172993;above;2023-2024
AFM;5;2024-08-07;2024-08-08;2024-08-16;1255.0;1272.0;1.354582;0.705314;above;2023-2024
AFM;5;2024-08-16;2024-08-19;2024-08-28;1248.0;1255.0;0.560897;-0.041612;above;2023-2024
AFM;5;2024-08-28;2024-08-29;2024-09-05;1234.0;1200.0;-2.755267;-0.205668;above;2023-2024
AFM;5;2024-11-15;2024-11-19;2024-11-26;1189.0;1090.0;-8.326325;-1.102039;above;2023-2024
AFM;5;2025-02-04;2025-02-05;2025-02-12;1125.0;1135.0;0.888889;1.082031;above;2025+
AFM;5;2025-02-12;2025-02-13;2025-02-20;1135.0;1125.0;-0.881057;3.385325;above;2025+
AFM;5;2025-02-28;2025-03-03;2025-03-10;1121.0;1160.0;3.479037;-1.243798;above;2025+
AFM;5;2025-03-10;2025-03-11;2025-03-18;1160.0;1196.0;3.103448;2.201264;above;2025+
AFM;5;2025-03-18;2025-03-19;2025-03-26;1190.0;1235.0;3.781513;2.18077;above;2025+
AFM;5;2025-03-26;2025-03-27;2025-04-07;1213.0;1298.0;7.00742;-7.565294;above;2025+
AFM;5;2025-04-07;2025-04-08;2025-04-15;1297.0;1300.0;0.231303;3.506814;above;2025+
AFM;5;2025-04-15;2025-04-16;2025-04-23;1300.0;1276.0;-1.846154;0.582511;above;2025+
AFM;5;2025-05-02;2025-05-05;2025-05-12;1281.0;1400.0;9.289617;3.417173;above;2025+
AFM;5;2025-05-12;2025-05-13;2025-05-20;1400.0;1326.0;-5.285714;-0.047324;above;2025+
AFM;5;2025-05-20;2025-05-21;2025-05-28;1326.0;1324.0;-0.15083;-0.160827;above;2025+
AFM;5;2025-06-05;2025-06-06;2025-06-16;1330.0;1349.0;1.428571;-2.067936;above;2025+
AFM;5;2025-06-16;2025-06-17;2025-06-24;1340.0;1340.0;0.0;0.805205;above;2025+
AFM;5;2025-07-11;2025-07-14;2025-07-21;1381.0;1390.0;0.651702;1.351991;above;2025+
AFM;5;2025-07-21;2025-07-22;2025-07-29;1390.0;1390.0;0.0;1.321397;above;2025+
AFM;5;2025-07-29;2025-07-31;2025-08-07;1374.0;1374.0;0.0;0.734102;above;2025+
AFM;5;2025-08-18;2025-08-19;2025-08-28;1331.0;1390.0;4.432757;2.643586;above;2025+
AFM;5;2025-08-28;2025-08-29;2025-09-08;1435.0;1350.0;-5.923345;-0.071903;above;2025+
AFM;5;2025-11-14;2025-11-17;2025-11-25;1332.0;1332.0;0.0;-0.613156;above;2025+
AFM;5;2025-11-25;2025-11-26;2025-12-03;1332.0;1319.0;-0.975976;-0.882788;above;2025+
AFM;5;2026-02-27;2026-03-02;2026-03-09;1246.0;1242.0;-0.321027;-4.853715;below;2025+
AFM;5;2026-03-09;2026-03-10;2026-03-17;1260.0;1260.0;0.0;0.962818;below;2025+
AFM;5;2026-03-17;2026-03-18;2026-03-27;1260.0;1180.0;-6.349206;-1.660871;below;2025+
AFM;5;2026-04-06;2026-04-07;2026-04-14;1245.0;1235.0;-0.803213;7.837297;below;2025+
AFM;5;2026-05-11;2026-05-12;2026-05-19;1240.0;1240.0;0.0;-2.729843;above;2025+
AFM;5;2026-05-19;2026-05-20;2026-06-01;1240.0;1235.0;-0.403226;4.467041;below;2025+
AFM;5;2026-06-01;2026-06-02;2026-06-09;1235.0;1185.0;-4.048583;-0.418438;above;2025+
AFM;5;2026-06-18;2026-06-19;2026-06-26;1240.0;1240.0;0.0;-1.804636;below;2025+
AFM;5;2026-06-26;2026-06-29;2026-07-06;1240.0;1240.0;0.0;1.926042;below;2025+
AFM;5;2026-07-06;2026-07-07;2026-07-14;1240.0;1270.0;2.419355;-2.251157;below;2025+
AFM;5;2026-07-14;2026-07-15;2026-07-22;1270.0;1231.0;-3.070866;-0.918575;below;2025+
AFM;5;2026-07-31;2026-08-03;2026-08-10;1278.0;1262.0;-1.251956;5.347486;below;2025+
AFM;5;2026-08-10;2026-08-11;2026-08-19;1261.0;1265.0;0.317209;1.543056;above;2025+
AFM;5;2026-08-19;2026-08-24;2026-09-02;1270.0;1293.0;1.811024;-3.170803;above;2025+
AFM;5;2026-09-02;2026-09-03;2026-09-22;1293.0;1250.0;-3.325599;-3.386329;above;2025+
AFM;20;2024-02-20;2024-02-21;2024-03-20;1214.0;1204.0;-0.823723;0.003318;above;2023-2024
AFM;20;2024-04-23;2024-04-24;2024-05-23;1213.0;1236.0;1.896125;0.709949;above;2023-2024
AFM;20;2024-05-23;2024-05-24;2024-06-25;1237.0;1224.0;-1.05093;0.293328;above;2023-2024
AFM;20;2024-08-28;2024-08-29;2024-09-30;1234.0;1160.0;-5.996759;3.141424;above;2023-2024
AFM;20;2025-01-30;2025-01-31;2025-02-28;1117.0;1140.0;2.059087;2.927032;above;2025+
AFM;20;2025-02-28;2025-03-03;2025-04-02;1121.0;1310.0;16.859946;5.259848;above;2025+
AFM;20;2025-04-02;2025-04-03;2025-05-02;1286.0;1305.0;1.477449;1.45118;above;2025+
AFM;20;2025-05-02;2025-05-05;2025-06-02;1281.0;1349.0;5.308353;4.335439;above;2025+
AFM;20;2025-06-02;2025-06-03;2025-07-03;1349.0;1300.0;-3.63232;1.444803;above;2025+
AFM;20;2025-08-04;2025-08-05;2025-09-08;1374.0;1350.0;-1.746725;2.373854;above;2025+
AFM;20;2026-03-09;2026-03-10;2026-04-09;1260.0;1235.0;-1.984127;6.866219;below;2025+
AFM;20;2026-05-11;2026-05-12;2026-06-12;1240.0;1256.0;1.290323;-4.38936;above;2025+
AFM;20;2026-06-12;2026-06-15;2026-07-14;1192.0;1270.0;6.543624;-5.010603;below;2025+
AFM;20;2026-07-14;2026-07-15;2026-08-13;1270.0;1261.0;-0.708661;5.240118;below;2025+
AFM;60;2024-04-17;2024-04-18;2024-07-16;1235.0;1248.0;1.052632;0.005128;above;2023-2024
AFM;60;2024-07-16;2024-07-17;2024-10-17;1248.0;1185.0;-5.048077;3.973828;above;2023-2024
AFM;60;2025-04-15;2025-04-16;2025-07-14;1300.0;1381.0;6.230769;10.488766;above;2025+
AFM;60;2025-07-14;2025-07-15;2025-10-14;1381.0;1255.0;-9.123823;-2.803135;above;2025+
AGM;5;2023-10-20;2023-10-23;2023-10-30;6749.0;6749.0;0.0;-2.602436;above;2023-2024
AGM;5;2023-11-16;2023-11-17;2023-11-24;6725.0;6799.0;1.100372;0.08462;above;2023-2024
AGM;5;2023-11-24;2023-11-27;2023-12-04;6799.0;6800.0;0.014708;-0.977137;above;2023-2024
AGM;5;2023-12-04;2023-12-05;2023-12-12;6800.0;6400.0;-5.882353;2.005016;above;2023-2024
AGM;5;2023-12-20;2023-12-21;2023-12-28;6800.0;6380.0;-6.176471;-1.11805;above;2023-2024
AGM;5;2024-01-08;2024-01-09;2024-01-17;7000.0;6600.0;-5.714286;1.266745;above;2023-2024
AGM;5;2024-01-25;2024-01-26;2024-02-02;6889.0;6888.0;-0.014516;-1.08766;above;2023-2024
AGM;5;2024-02-02;2024-02-05;2024-02-12;6888.0;7100.0;3.077816;1.974271;above;2023-2024
AGM;5;2024-02-12;2024-02-13;2024-02-20;7100.0;7500.0;5.633803;1.477759;above;2023-2024
AGM;5;2024-02-20;2024-02-21;2024-02-28;7500.0;7474.0;-0.346667;1.331642;above;2023-2024
AGM;5;2024-02-28;2024-02-29;2024-03-07;7470.0;7500.0;0.401606;-1.194598;above;2023-2024
AGM;5;2024-03-07;2024-03-08;2024-03-15;7051.0;7051.0;0.0;1.210308;above;2023-2024
AGM;5;2024-06-25;2024-06-26;2024-07-03;6825.0;6621.0;-2.989011;-1.103992;above;2023-2024
AGM;5;2024-07-11;2024-07-12;2024-07-19;7100.0;6676.0;-5.971831;0.785092;above;2023-2024
AGM;5;2024-08-16;2024-08-19;2024-08-28;6767.0;6400.0;-5.423378;-0.041612;above;2023-2024
AGM;5;2024-09-05;2024-09-06;2024-09-13;6956.0;6956.0;0.0;0.629486;above;2023-2024
AGM;5;2024-09-13;2024-09-18;2024-09-25;6956.0;6956.0;0.0;1.38181;above;2023-2024
AGM;5;2024-09-25;2024-09-26;2024-10-03;6956.0;6900.0;-0.80506;-1.500768;above;2023-2024
AGM;5;2024-12-30;2024-12-31;2025-01-08;6875.0;6874.0;-0.014545;6.433952;above;2023-2024
AGM;5;2025-01-08;2025-01-09;2025-01-17;6875.0;6875.0;0.0;1.111537;above;2025+
AGM;5;2025-01-17;2025-01-20;2025-01-27;6875.0;6875.0;0.0;-0.518191;above;2025+
AGM;5;2025-01-27;2025-01-28;2025-02-04;6480.0;6798.0;4.907407;2.096435;above;2025+
AGM;5;2025-02-12;2025-02-13;2025-02-20;6800.0;7000.0;2.941176;3.385325;above;2025+
AGM;5;2025-02-20;2025-02-21;2025-02-28;6999.0;6969.0;-0.428633;-0.707949;above;2025+
AGM;5;2025-02-28;2025-03-03;2025-03-10;6969.0;6999.0;0.430478;-1.243798;above;2025+
AGM;5;2025-03-10;2025-03-11;2025-03-18;6999.0;6999.0;0.0;2.201264;above;2025+
AGM;5;2025-03-18;2025-03-19;2025-03-26;6998.0;7000.0;0.02858;2.18077;above;2025+
AGM;5;2025-03-26;2025-03-27;2025-04-07;7000.0;6999.0;-0.014286;-7.565294;above;2025+
AGM;5;2025-04-15;2025-04-16;2025-04-23;6999.0;6604.0;-5.643663;0.582511;above;2025+
AGM;5;2025-05-02;2025-05-05;2025-05-12;6994.0;6990.0;-0.057192;3.417173;above;2025+
AGM;5;2025-05-12;2025-05-13;2025-05-20;6990.0;6990.0;0.0;-0.047324;above;2025+
AGM;5;2025-05-20;2025-05-21;2025-05-28;6990.0;6705.0;-4.077253;-0.160827;above;2025+
AGM;5;2025-06-05;2025-06-06;2025-06-16;6990.0;6990.0;0.0;-2.067936;above;2025+
AGM;5;2025-06-16;2025-06-17;2025-06-24;6580.0;6974.0;5.987842;0.805205;above;2025+
AGM;5;2025-06-24;2025-06-25;2025-07-03;6974.0;6974.0;0.0;1.003985;above;2025+
AGM;5;2025-07-03;2025-07-04;2025-07-11;6974.0;6974.0;0.0;1.877352;above;2025+
AGM;5;2025-07-11;2025-07-14;2025-07-21;6974.0;6325.0;-9.305994;1.351991;above;2025+
AGM;5;2025-07-29;2025-07-31;2025-08-07;6890.0;6480.0;-5.950653;0.734102;above;2025+
AGM;5;2025-08-18;2025-08-19;2025-08-28;6392.0;6700.0;4.818523;2.643586;above;2025+
AGM;5;2025-09-08;2025-09-09;2025-09-16;6900.0;6900.0;0.0;0.640429;above;2025+
AGM;5;2025-09-16;2025-09-17;2025-09-24;6900.0;6487.0;-5.985507;0.15863;above;2025+
AGM;5;2025-10-28;2025-10-29;2025-11-05;6600.0;6600.0;0.0;-0.48965;above;2025+
AGM;5;2025-11-25;2025-11-26;2025-12-03;6391.0;6391.0;0.0;-0.882788;above;2025+
AGM;5;2025-12-19;2025-12-22;2025-12-29;6677.0;6335.0;-5.122061;-2.931357;above;2025+
AGM;5;2026-01-16;2026-01-19;2026-01-26;6699.0;6699.0;0.0;-3.277925;above;2025+
AGM;5;2026-01-26;2026-01-27;2026-02-03;6699.0;6500.0;-2.970593;-0.948094;below;2025+
AGM;5;2026-02-19;2026-02-20;2026-02-27;6855.0;6840.0;-0.218818;-2.997106;below;2025+
AGM;5;2026-02-27;2026-03-02;2026-03-09;6840.0;6840.0;0.0;-4.853715;below;2025+
AGM;5;2026-03-09;2026-03-10;2026-03-17;6840.0;6840.0;0.0;0.962818;below;2025+
AGM;5;2026-03-17;2026-03-18;2026-03-27;6840.0;6840.0;0.0;-1.660871;below;2025+
AGM;5;2026-03-27;2026-03-30;2026-04-06;7050.0;7020.0;-0.425532;1.554679;below;2025+
AGM;5;2026-04-06;2026-04-07;2026-04-14;6999.0;7199.0;2.857551;7.837297;below;2025+
AGM;5;2026-04-14;2026-04-15;2026-04-22;7199.0;6900.0;-4.153355;2.212452;below;2025+
AGM;5;2026-05-11;2026-05-12;2026-05-19;7300.0;6864.0;-5.972603;-2.729843;above;2025+
AGM;5;2026-06-01;2026-06-02;2026-06-09;7240.0;7220.0;-0.276243;-0.418438;above;2025+
AGM;5;2026-06-09;2026-06-10;2026-06-18;6850.0;7199.0;5.094891;1.186217;below;2025+
AGM;5;2026-06-18;2026-06-19;2026-06-26;6910.0;6768.0;-2.054993;-1.804636;below;2025+
AGM;5;2026-08-19;2026-08-24;2026-09-02;7098.0;6680.0;-5.888983;-3.170803;above;2025+
AGM;20;2023-10-20;2023-10-23;2023-11-21;6749.0;6800.0;0.755668;-2.183112;above;2023-2024
AGM;20;2023-11-21;2023-11-22;2023-12-20;6700.0;6800.0;1.492537;2.05255;above;2023-2024
AGM;20;2023-12-20;2023-12-21;2024-01-22;6800.0;6899.0;1.455882;4.414988;above;2023-2024
AGM;20;2024-01-22;2024-01-23;2024-02-20;6899.0;7500.0;8.711407;1.087524;above;2023-2024
AGM;20;2024-02-20;2024-02-21;2024-03-20;7500.0;7000.0;-6.666667;0.003318;above;2023-2024
AGM;20;2024-06-25;2024-06-26;2024-07-24;6825.0;6676.0;-2.18315;2.134685;above;2023-2024
AGM;20;2024-09-30;2024-10-01;2024-10-29;6956.0;6900.0;-0.80506;0.326447;above;2023-2024
AGM;20;2024-12-30;2024-12-31;2025-01-30;6875.0;6800.0;-1.090909;10.636498;above;2023-2024
AGM;20;2025-02-28;2025-03-03;2025-04-02;6969.0;7000.0;0.444827;5.259848;above;2025+
AGM;20;2025-04-02;2025-04-03;2025-05-02;7000.0;6994.0;-0.085714;1.45118;above;2025+
AGM;20;2025-05-02;2025-05-05;2025-06-02;6994.0;6990.0;-0.057192;4.335439;above;2025+
AGM;20;2025-06-02;2025-06-03;2025-07-03;6990.0;6974.0;-0.228898;1.444803;above;2025+
AGM;20;2025-07-03;2025-07-04;2025-08-04;6974.0;6890.0;-1.204474;4.819019;above;2025+
AGM;20;2025-08-04;2025-08-05;2025-09-08;6480.0;6900.0;6.481481;2.373854;above;2025+
AGM;20;2025-09-08;2025-09-09;2025-10-07;6900.0;6455.0;-6.449275;-2.754683;above;2025+
AGM;20;2026-03-09;2026-03-10;2026-04-09;6840.0;6999.0;2.324561;6.866219;below;2025+
AGM;20;2026-04-09;2026-04-10;2026-05-11;6999.0;7290.0;4.157737;2.187631;below;2025+
AGM;20;2026-05-11;2026-05-12;2026-06-12;7300.0;6850.0;-6.164384;-4.38936;above;2025+
AGM;60;2023-10-20;2023-10-23;2024-01-18;6749.0;6600.0;-2.207734;3.292678;above;2023-2024
AGM;60;2025-01-16;2025-01-17;2025-04-15;6875.0;6999.0;1.803636;6.46115;above;2025+
AGM;60;2025-04-15;2025-04-16;2025-07-14;6999.0;6974.0;-0.357194;10.488766;above;2025+
AGM;60;2025-07-14;2025-07-15;2025-10-14;6674.0;6200.0;-7.102188;-2.803135;above;2025+
AGM;60;2026-04-10;2026-04-13;2026-07-13;7199.0;7170.0;-0.402834;-2.727012;below;2025+
AKD;5;2023-12-20;2023-12-21;2023-12-28;496.5;498.0;0.302115;-1.11805;above;2023-2024
AKD;5;2023-12-28;2023-12-29;2024-01-08;496.0;512.1;3.245968;2.390994;above;2023-2024
AKD;5;2024-01-08;2024-01-09;2024-01-17;520.1;570.0;9.594309;1.266745;above;2023-2024
AKD;5;2024-01-17;2024-01-18;2024-01-25;567.0;568.0;0.176367;0.301186;above;2023-2024
AKD;5;2024-01-25;2024-01-26;2024-02-02;567.9;605.0;6.53284;-1.08766;above;2023-2024
AKD;5;2024-02-02;2024-02-05;2024-02-12;606.0;650.0;7.260726;1.974271;above;2023-2024
AKD;5;2024-02-12;2024-02-13;2024-02-20;683.0;694.1;1.625183;1.477759;above;2023-2024
AKD;5;2024-02-20;2024-02-21;2024-02-28;695.0;705.0;1.438849;1.331642;above;2023-2024
AKD;5;2024-02-28;2024-02-29;2024-03-07;698.0;680.3;-2.535817;-1.194598;above;2023-2024
AKD;5;2024-04-15;2024-04-16;2024-04-23;753.0;720.0;-4.38247;-0.865642;above;2023-2024
AKD;5;2024-04-23;2024-04-24;2024-05-02;722.2;720.0;-0.304625;0.313299;above;2023-2024
AKD;5;2024-05-02;2024-05-03;2024-05-10;718.0;715.0;-0.417827;0.921702;above;2023-2024
AKD;5;2024-07-03;2024-07-04;2024-07-11;790.0;880.1;11.405063;1.040568;above;2023-2024
AKD;5;2024-07-11;2024-07-12;2024-07-19;888.0;907.1;2.150901;0.785092;above;2023-2024
AKD;5;2024-07-19;2024-07-22;2024-07-29;906.6;932.0;2.801677;2.172993;above;2023-2024
AKD;5;2024-07-29;2024-07-31;2024-08-07;942.0;919.9;-2.346072;-1.453699;above;2023-2024
AKD;5;2024-08-07;2024-08-08;2024-08-16;910.0;920.0;1.098901;0.705314;above;2023-2024
AKD;5;2024-08-16;2024-08-19;2024-08-28;921.0;949.0;3.040174;-0.041612;above;2023-2024
AKD;5;2024-08-28;2024-08-29;2024-09-05;967.0;960.0;-0.723888;-0.205668;above;2023-2024
AKD;5;2024-09-05;2024-09-06;2024-09-13;965.0;983.0;1.865285;0.629486;above;2023-2024
AKD;5;2024-09-13;2024-09-18;2024-09-25;1006.0;1062.0;5.5666;1.38181;above;2023-2024
AKD;5;2024-09-25;2024-09-26;2024-10-03;1105.0;1025.0;-7.239819;-1.500768;above;2023-2024
AKD;5;2024-10-03;2024-10-04;2024-10-11;1027.0;1010.0;-1.655307;-0.461776;above;2023-2024
AKD;5;2024-10-29;2024-10-30;2024-11-07;1040.0;1034.0;-0.576923;2.153033;above;2023-2024
AKD;5;2024-11-07;2024-11-08;2024-11-15;1039.0;1075.0;3.46487;1.358706;above;2023-2024
AKD;5;2024-11-15;2024-11-19;2024-11-26;1096.0;1069.0;-2.463504;-1.102039;above;2023-2024
AKD;5;2024-11-26;2024-11-27;2024-12-04;1085.0;1065.0;-1.843318;-1.016638;above;2023-2024
AKD;5;2025-01-08;2025-01-09;2025-01-17;1161.0;1150.0;-0.947459;1.111537;above;2025+
AKD;5;2025-01-17;2025-01-20;2025-01-27;1144.0;1135.0;-0.786713;-0.518191;above;2025+
AKD;5;2025-01-27;2025-01-28;2025-02-04;1133.0;1170.0;3.265666;2.096435;above;2025+
AKD;5;2025-02-04;2025-02-05;2025-02-12;1170.0;1200.0;2.564103;1.082031;above;2025+
AKD;5;2025-02-12;2025-02-13;2025-02-20;1200.0;1194.0;-0.5;3.385325;above;2025+
AKD;5;2025-02-20;2025-02-21;2025-02-28;1190.0;1181.0;-0.756303;-0.707949;above;2025+
AKD;5;2025-03-18;2025-03-19;2025-03-26;1212.0;1240.0;2.310231;2.18077;above;2025+
AKD;5;2025-03-26;2025-03-27;2025-04-07;1245.0;1200.0;-3.614458;-7.565294;above;2025+
AKD;5;2025-04-15;2025-04-16;2025-04-23;1368.0;1403.0;2.55848;0.582511;above;2025+
AKD;5;2025-04-23;2025-04-24;2025-05-02;1410.0;1460.0;3.546099;1.210679;above;2025+
AKD;5;2025-05-02;2025-05-05;2025-05-12;1465.0;1506.0;2.798635;3.417173;above;2025+
AKD;5;2025-05-12;2025-05-13;2025-05-20;1500.0;1437.0;-4.2;-0.047324;above;2025+
AKD;5;2025-06-05;2025-06-06;2025-06-16;1500.0;1460.0;-2.666667;-2.067936;above;2025+
AKD;5;2025-06-24;2025-06-25;2025-07-03;1470.0;1450.0;-1.360544;1.003985;above;2025+
AKD;5;2025-07-21;2025-07-22;2025-07-29;1487.0;1535.0;3.227976;1.321397;above;2025+
AKD;5;2025-07-29;2025-07-31;2025-08-07;1578.0;1574.0;-0.253485;0.734102;above;2025+
AKD;5;2025-08-07;2025-08-08;2025-08-18;1566.0;1549.0;-1.085568;-0.371719;above;2025+
AKD;5;2025-08-18;2025-08-19;2025-08-28;1528.0;1567.0;2.552356;2.643586;above;2025+
AKD;5;2025-08-28;2025-08-29;2025-09-08;1571.0;1561.0;-0.636537;-0.071903;above;2025+
AKD;5;2026-03-27;2026-03-30;2026-04-06;1130.0;1118.0;-1.061947;1.554679;below;2025+
AKD;5;2026-04-06;2026-04-07;2026-04-14;1115.0;1235.0;10.762332;7.837297;below;2025+
AKD;5;2026-04-14;2026-04-15;2026-04-22;1225.0;1270.0;3.673469;2.212452;below;2025+
AKD;5;2026-04-22;2026-04-23;2026-04-30;1265.0;1215.0;-3.952569;-2.901533;above;2025+
AKD;5;2026-04-30;2026-05-04;2026-05-11;1210.0;1236.0;2.14876;0.825337;below;2025+
AKD;5;2026-08-10;2026-08-11;2026-08-19;1160.0;1145.0;-1.293103;1.543056;above;2025+
AKD;20;2023-12-20;2023-12-21;2024-01-22;496.5;569.0;14.602216;4.414988;above;2023-2024
AKD;20;2024-01-22;2024-01-23;2024-02-20;561.1;694.1;23.70344;1.087524;above;2023-2024
AKD;20;2024-02-20;2024-02-21;2024-03-20;695.0;680.0;-2.158273;0.003318;above;2023-2024
AKD;20;2024-04-23;2024-04-24;2024-05-23;722.2;670.0;-7.227915;0.709949;above;2023-2024
AKD;20;2024-07-24;2024-07-25;2024-08-28;907.0;949.0;4.63065;1.814628;above;2023-2024
AKD;20;2024-08-28;2024-08-29;2024-09-30;967.0;1071.0;10.754912;3.141424;above;2023-2024
AKD;20;2024-09-30;2024-10-01;2024-10-29;1048.0;1050.0;0.19084;0.326447;above;2023-2024
AKD;20;2024-10-29;2024-10-30;2024-11-29;1040.0;1080.0;3.846154;4.617721;above;2023-2024
AKD;20;2024-11-29;2024-12-02;2024-12-30;1064.0;1040.0;-2.255639;0.002106;above;2023-2024
AKD;20;2025-01-30;2025-01-31;2025-02-28;1181.0;1181.0;0.0;2.927032;above;2025+
AKD;20;2025-04-02;2025-04-03;2025-05-02;1211.0;1460.0;20.561519;1.45118;above;2025+
AKD;20;2025-05-02;2025-05-05;2025-06-02;1465.0;1450.0;-1.023891;4.335439;above;2025+
AKD;20;2025-08-04;2025-08-05;2025-09-08;1568.0;1561.0;-0.446429;2.373854;above;2025+
AKD;20;2026-04-09;2026-04-10;2026-05-11;1195.0;1236.0;3.430962;2.187631;below;2025+
AKD;60;2024-01-18;2024-01-19;2024-04-17;567.1;738.0;30.135779;5.516739;above;2023-2024
AKD;60;2024-04-17;2024-04-18;2024-07-16;745.0;865.0;16.107383;0.005128;above;2023-2024
AKD;60;2024-07-16;2024-07-17;2024-10-17;882.0;1011.0;14.62585;3.973828;above;2023-2024
AKD;60;2025-01-16;2025-01-17;2025-04-15;1150.0;1327.0;15.391304;6.46115;above;2025+
AKD;60;2025-04-15;2025-04-16;2025-07-14;1368.0;1465.0;7.090643;10.488766;above;2025+
AKD;60;2025-07-14;2025-07-15;2025-10-14;1458.0;1220.0;-16.323731;-2.803135;above;2025+
AKD;60;2026-01-12;2026-01-13;2026-04-10;1257.0;1195.0;-4.932379;-4.821718;above;2025+
AKD;60;2026-04-10;2026-04-13;2026-07-13;1163.0;1155.0;-0.687876;-2.727012;below;2025+
ARD;5;2023-11-08;2023-11-09;2023-11-16;453.55;453.0;-0.121266;0.192435;above;2023-2024
ARD;5;2023-11-16;2023-11-17;2023-11-24;442.0;442.05;0.011312;0.08462;above;2023-2024
ARD;5;2024-01-17;2024-01-18;2024-01-25;464.5;469.95;1.173305;0.301186;above;2023-2024
ARD;5;2024-01-25;2024-01-26;2024-02-02;480.0;492.9;2.6875;-1.08766;above;2023-2024
ARD;5;2024-02-02;2024-02-05;2024-02-12;470.1;500.0;6.360349;1.974271;above;2023-2024
ARD;5;2024-02-12;2024-02-13;2024-02-20;500.0;502.0;0.4;1.477759;above;2023-2024
ARD;5;2024-02-20;2024-02-21;2024-02-28;500.0;509.9;1.98;1.331642;above;2023-2024
ARD;5;2024-02-28;2024-02-29;2024-03-07;508.0;505.0;-0.590551;-1.194598;above;2023-2024
ARD;5;2024-03-07;2024-03-08;2024-03-15;505.0;510.0;0.990099;1.210308;above;2023-2024
ARD;5;2024-03-15;2024-03-18;2024-03-25;512.0;512.0;0.0;-0.935377;above;2023-2024
ARD;5;2024-03-25;2024-03-26;2024-04-02;510.0;518.4;1.647059;0.88627;above;2023-2024
ARD;5;2024-04-02;2024-04-03;2024-04-15;517.8;540.0;4.28737;2.11738;above;2023-2024
ARD;5;2024-04-15;2024-04-16;2024-04-23;549.0;505.0;-8.014572;-0.865642;above;2023-2024
ARD;5;2024-05-02;2024-05-03;2024-05-10;550.0;530.0;-3.636364;0.921702;above;2023-2024
ARD;5;2024-07-11;2024-07-12;2024-07-19;525.0;512.0;-2.47619;0.785092;above;2023-2024
ARD;5;2024-07-19;2024-07-22;2024-07-29;509.0;517.0;1.571709;2.172993;above;2023-2024
ARD;5;2024-07-29;2024-07-31;2024-08-07;515.9;509.9;-1.163016;-1.453699;above;2023-2024
ARD;5;2024-10-03;2024-10-04;2024-10-11;518.0;515.0;-0.579151;-0.461776;above;2023-2024
ARD;5;2024-10-11;2024-10-14;2024-10-21;511.0;500.0;-2.152642;0.224007;above;2023-2024
ARD;5;2024-11-15;2024-11-19;2024-11-26;504.6;498.5;-1.208878;-1.102039;above;2023-2024
ARD;5;2025-02-28;2025-03-03;2025-03-10;480.1;479.8;-0.062487;-1.243798;above;2025+
ARD;5;2025-03-10;2025-03-11;2025-03-18;475.0;480.0;1.052632;2.201264;above;2025+
ARD;5;2025-03-18;2025-03-19;2025-03-26;480.0;490.0;2.083333;2.18077;above;2025+
ARD;5;2025-03-26;2025-03-27;2025-04-07;485.0;470.0;-3.092784;-7.565294;above;2025+
ARD;5;2025-04-23;2025-04-24;2025-05-02;484.9;480.0;-1.010518;1.210679;above;2025+
ARD;5;2025-05-02;2025-05-05;2025-05-12;484.0;482.0;-0.413223;3.417173;above;2025+
ARD;5;2025-05-12;2025-05-13;2025-05-20;482.0;478.5;-0.726141;-0.047324;above;2025+
ARD;5;2025-06-05;2025-06-06;2025-06-16;485.0;466.0;-3.917526;-2.067936;above;2025+
ARD;5;2025-08-07;2025-08-08;2025-08-18;471.0;470.0;-0.212314;-0.371719;above;2025+
ARD;5;2025-08-18;2025-08-19;2025-08-28;470.0;468.0;-0.425532;2.643586;above;2025+
ARD;5;2025-09-08;2025-09-09;2025-09-16;465.0;464.0;-0.215054;0.640429;above;2025+
ARD;5;2025-09-24;2025-09-25;2025-10-02;467.5;448.0;-4.171123;-4.992012;above;2025+
ARD;5;2025-10-10;2025-10-13;2025-10-20;460.0;458.5;-0.326087;1.402054;above;2025+
ARD;5;2026-01-07;2026-01-08;2026-01-16;448.6;448.0;-0.133749;-0.968678;above;2025+
ARD;5;2026-01-16;2026-01-19;2026-01-26;445.5;433.95;-2.592593;-3.277925;above;2025+
ARD;5;2026-02-03;2026-02-04;2026-02-11;440.0;444.0;0.909091;-0.461065;below;2025+
ARD;5;2026-02-11;2026-02-12;2026-02-19;443.95;440.0;-0.88974;0.488806;below;2025+
ARD;5;2026-04-30;2026-05-04;2026-05-11;449.0;454.9;1.314031;0.825337;below;2025+
ARD;5;2026-05-11;2026-05-12;2026-05-19;459.0;439.0;-4.357298;-2.729843;above;2025+
ARD;5;2026-06-18;2026-06-19;2026-06-26;432.0;410.0;-5.092593;-1.804636;below;2025+
ARD;5;2026-07-31;2026-08-03;2026-08-10;433.0;445.0;2.771363;5.347486;below;2025+
ARD;5;2026-08-10;2026-08-11;2026-08-19;435.0;436.55;0.356322;1.543056;above;2025+
ARD;5;2026-08-19;2026-08-24;2026-09-02;442.0;436.0;-1.357466;-3.170803;above;2025+
ARD;20;2023-11-21;2023-11-22;2023-12-20;450.0;447.0;-0.666667;2.05255;above;2023-2024
ARD;20;2024-01-22;2024-01-23;2024-02-20;478.0;502.0;5.020921;1.087524;above;2023-2024
ARD;20;2024-02-20;2024-02-21;2024-03-20;500.0;505.0;1.0;0.003318;above;2023-2024
ARD;20;2025-02-28;2025-03-03;2025-04-02;480.1;485.0;1.020621;5.259848;above;2025+
ARD;20;2025-04-02;2025-04-03;2025-05-02;480.0;480.0;0.0;1.45118;above;2025+
ARD;20;2025-05-02;2025-05-05;2025-06-02;484.0;480.0;-0.826446;4.335439;above;2025+
ARD;20;2025-09-08;2025-09-09;2025-10-07;465.0;464.0;-0.215054;-2.754683;above;2025+
ARD;20;2026-01-07;2026-01-08;2026-02-06;448.6;440.0;-1.917075;-5.578009;above;2025+
ARD;20;2026-05-11;2026-05-12;2026-06-12;459.0;439.0;-4.357298;-4.38936;above;2025+
ARD;20;2026-06-12;2026-06-15;2026-07-14;444.9;420.0;-5.596763;-5.010603;below;2025+
ARD;20;2026-08-13;2026-08-17;2026-09-30;443.85;428.1;-3.548496;-5.846596;above;2025+
ARD;60;2024-01-18;2024-01-19;2024-04-17;469.95;525.0;11.714012;5.516739;above;2023-2024
ARD;60;2024-04-17;2024-04-18;2024-07-16;543.9;523.0;-3.842618;0.005128;above;2023-2024
ARD;60;2024-07-16;2024-07-17;2024-10-17;520.3;503.0;-3.325005;3.973828;above;2023-2024
ARD;60;2024-10-17;2024-10-18;2025-01-16;503.0;475.0;-5.5666;14.206527;above;2023-2024
ARD;60;2026-01-12;2026-01-13;2026-04-10;447.75;420.5;-6.085985;-4.821718;above;2025+
ATL;5;2023-11-24;2023-11-27;2023-12-04;122.5;121.85;-0.530612;-0.977137;above;2023-2024
ATL;5;2023-12-04;2023-12-05;2023-12-12;120.0;121.0;0.833333;2.005016;above;2023-2024
ATL;5;2023-12-20;2023-12-21;2023-12-28;124.95;127.0;1.640656;-1.11805;above;2023-2024
ATL;5;2023-12-28;2023-12-29;2024-01-08;127.0;125.0;-1.574803;2.390994;above;2023-2024
ATL;5;2024-01-08;2024-01-09;2024-01-17;125.0;122.5;-2.0;1.266745;above;2023-2024
ATL;5;2024-01-25;2024-01-26;2024-02-02;125.0;125.5;0.4;-1.08766;above;2023-2024
ATL;5;2024-02-02;2024-02-05;2024-02-12;125.0;123.0;-1.6;1.974271;above;2023-2024
ATL;5;2024-03-25;2024-03-26;2024-04-02;123.5;123.0;-0.404858;0.88627;above;2023-2024
ATL;5;2024-04-15;2024-04-16;2024-04-23;133.0;133.0;0.0;-0.865642;above;2023-2024
ATL;5;2024-04-23;2024-04-24;2024-05-02;132.0;148.0;12.121212;0.313299;above;2023-2024
ATL;5;2024-05-02;2024-05-03;2024-05-10;151.0;147.4;-2.384106;0.921702;above;2023-2024
ATL;5;2024-05-10;2024-05-13;2024-05-20;145.7;145.0;-0.480439;-0.716252;above;2023-2024
ATL;5;2024-05-20;2024-05-21;2024-05-28;144.0;139.3;-3.263889;-0.391752;above;2023-2024
ATL;5;2024-09-25;2024-09-26;2024-10-03;133.0;131.3;-1.278195;-1.500768;above;2023-2024
ATL;5;2024-10-21;2024-10-22;2024-10-29;137.95;133.0;-3.588257;1.153404;above;2023-2024
ATL;5;2025-01-08;2025-01-09;2025-01-17;131.55;148.2;12.656784;1.111537;above;2025+
ATL;5;2025-01-17;2025-01-20;2025-01-27;153.5;167.8;9.315961;-0.518191;above;2025+
ATL;5;2025-01-27;2025-01-28;2025-02-04;161.9;152.65;-5.713403;2.096435;above;2025+
ATL;5;2025-02-04;2025-02-05;2025-02-12;152.75;155.0;1.472995;1.082031;above;2025+
ATL;5;2025-02-20;2025-02-21;2025-02-28;153.9;152.9;-0.649773;-0.707949;above;2025+
ATL;5;2025-05-12;2025-05-13;2025-05-20;145.0;138.5;-4.482759;-0.047324;above;2025+
ATL;5;2025-05-20;2025-05-21;2025-05-28;138.0;140.0;1.449275;-0.160827;above;2025+
ATL;5;2025-05-28;2025-05-29;2025-06-05;142.0;141.2;-0.56338;4.293588;above;2025+
ATL;5;2025-06-05;2025-06-06;2025-06-16;147.9;145.0;-1.960784;-2.067936;above;2025+
ATL;5;2025-06-16;2025-06-17;2025-06-24;144.8;140.0;-3.314917;0.805205;above;2025+
ATL;5;2025-07-03;2025-07-04;2025-07-11;145.95;140.0;-4.076739;1.877352;above;2025+
ATL;5;2025-07-21;2025-07-22;2025-07-29;142.9;141.0;-1.329601;1.321397;above;2025+
ATL;5;2025-08-07;2025-08-08;2025-08-18;159.9;160.0;0.062539;-0.371719;above;2025+
ATL;5;2025-08-18;2025-08-19;2025-08-28;155.0;154.0;-0.645161;2.643586;above;2025+
ATL;5;2025-08-28;2025-08-29;2025-09-08;154.0;159.6;3.636364;-0.071903;above;2025+
ATL;5;2025-09-08;2025-09-09;2025-09-16;159.55;152.2;-4.606706;0.640429;above;2025+
ATL;5;2025-11-05;2025-11-07;2025-11-14;150.0;144.4;-3.733333;-3.232598;above;2025+
ATL;5;2026-01-07;2026-01-08;2026-01-16;149.0;148.0;-0.671141;-0.968678;above;2025+
ATL;5;2026-01-16;2026-01-19;2026-01-26;147.0;142.8;-2.857143;-3.277925;above;2025+
ATL;5;2026-04-06;2026-04-07;2026-04-14;135.0;135.95;0.703704;7.837297;below;2025+
ATL;5;2026-06-18;2026-06-19;2026-06-26;128.8;128.8;0.0;-1.804636;below;2025+
ATL;5;2026-08-10;2026-08-11;2026-08-19;126.6;127.65;0.829384;1.543056;above;2025+
ATL;5;2026-08-19;2026-08-24;2026-09-02;128.0;126.95;-0.820312;-3.170803;above;2025+
ATL;5;2026-09-02;2026-09-03;2026-09-22;122.0;124.3;1.885246;-3.386329;above;2025+
ATL;20;2023-12-20;2023-12-21;2024-01-22;124.95;122.35;-2.080832;4.414988;above;2023-2024
ATL;20;2024-04-23;2024-04-24;2024-05-23;132.0;145.0;9.848485;0.709949;above;2023-2024
ATL;20;2024-09-30;2024-10-01;2024-10-29;138.95;133.0;-4.282116;0.326447;above;2023-2024
ATL;20;2025-01-30;2025-01-31;2025-02-28;155.5;152.9;-1.672026;2.927032;above;2025+
ATL;20;2025-06-02;2025-06-03;2025-07-03;141.6;144.0;1.694915;1.444803;above;2025+
ATL;20;2025-07-03;2025-07-04;2025-08-04;145.95;142.7;-2.22679;4.819019;above;2025+
ATL;20;2025-08-04;2025-08-05;2025-09-08;142.5;159.6;12.0;2.373854;above;2025+
ATL;20;2025-09-08;2025-09-09;2025-10-07;159.55;150.5;-5.672203;-2.754683;above;2025+
ATL;20;2025-11-05;2025-11-07;2025-12-08;150.0;140.0;-6.666667;-4.125615;above;2025+
ATL;20;2026-01-07;2026-01-08;2026-02-06;149.0;135.0;-9.395973;-5.578009;above;2025+
ATL;20;2026-08-13;2026-08-17;2026-09-30;129.0;120.0;-6.976744;-5.846596;above;2025+
ATL;60;2024-04-17;2024-04-18;2024-07-16;134.0;130.0;-2.985075;0.005128;above;2023-2024
ATL;60;2024-10-17;2024-10-18;2025-01-16;138.15;141.0;2.062975;14.206527;above;2023-2024
ATL;60;2025-01-16;2025-01-17;2025-04-15;148.2;129.0;-12.955466;6.46115;above;2025+
ATL;60;2025-07-14;2025-07-15;2025-10-14;143.9;153.8;6.879778;-2.803135;above;2025+
ATL;60;2025-10-14;2025-10-15;2026-01-12;148.0;150.0;1.351351;7.238795;above;2025+
ATL;60;2026-01-12;2026-01-13;2026-04-10;148.0;136.0;-8.108108;-4.821718;above;2025+
ATW;5;2023-10-20;2023-10-23;2023-10-30;470.0;453.0;-3.617021;-2.602436;above;2023-2024
ATW;5;2023-11-16;2023-11-17;2023-11-24;467.0;467.3;0.06424;0.08462;above;2023-2024
ATW;5;2023-11-24;2023-11-27;2023-12-04;460.0;455.8;-0.913043;-0.977137;above;2023-2024
ATW;5;2023-12-20;2023-12-21;2023-12-28;468.0;464.0;-0.854701;-1.11805;above;2023-2024
ATW;5;2024-01-08;2024-01-09;2024-01-17;475.1;481.2;1.28394;1.266745;above;2023-2024
ATW;5;2024-01-17;2024-01-18;2024-01-25;486.0;485.0;-0.205761;0.301186;above;2023-2024
ATW;5;2024-01-25;2024-01-26;2024-02-02;484.0;485.0;0.206612;-1.08766;above;2023-2024
ATW;5;2024-02-02;2024-02-05;2024-02-12;487.0;502.0;3.080082;1.974271;above;2023-2024
ATW;5;2024-02-12;2024-02-13;2024-02-20;503.6;507.0;0.675139;1.477759;above;2023-2024
ATW;5;2024-02-20;2024-02-21;2024-02-28;510.4;514.5;0.803292;1.331642;above;2023-2024
ATW;5;2024-02-28;2024-02-29;2024-03-07;505.0;492.4;-2.49505;-1.194598;above;2023-2024
ATW;5;2024-03-15;2024-03-18;2024-03-25;510.0;502.0;-1.568627;-0.935377;above;2023-2024
ATW;5;2024-04-02;2024-04-03;2024-04-15;507.4;505.7;-0.335041;2.11738;above;2023-2024
ATW;5;2024-05-10;2024-05-13;2024-05-20;513.8;507.7;-1.187232;-0.716252;above;2023-2024
ATW;5;2024-05-20;2024-05-21;2024-05-28;507.8;514.0;1.220953;-0.391752;above;2023-2024
ATW;5;2024-05-28;2024-05-29;2024-06-05;515.5;511.0;-0.872939;-2.205187;above;2023-2024
ATW;5;2024-06-25;2024-06-26;2024-07-03;518.0;515.1;-0.559846;-1.103992;above;2023-2024
ATW;5;2024-07-03;2024-07-04;2024-07-11;524.0;513.0;-2.099237;1.040568;above;2023-2024
ATW;5;2024-07-19;2024-07-22;2024-07-29;520.2;555.0;6.689735;2.172993;above;2023-2024
ATW;5;2024-07-29;2024-07-31;2024-08-07;555.0;541.1;-2.504505;-1.453699;above;2023-2024
ATW;5;2024-08-07;2024-08-08;2024-08-16;537.0;541.4;0.819367;0.705314;above;2023-2024
ATW;5;2024-08-16;2024-08-19;2024-08-28;543.2;535.0;-1.509573;-0.041612;above;2023-2024
ATW;5;2024-09-13;2024-09-18;2024-09-25;540.2;550.0;1.814143;1.38181;above;2023-2024
ATW;5;2024-09-25;2024-09-26;2024-10-03;550.0;537.0;-2.363636;-1.500768;above;2023-2024
ATW;5;2024-10-29;2024-10-30;2024-11-07;542.1;565.0;4.224313;2.153033;above;2023-2024
ATW;5;2024-11-07;2024-11-08;2024-11-15;570.1;578.0;1.385722;1.358706;above;2023-2024
ATW;5;2024-11-15;2024-11-19;2024-11-26;584.0;570.0;-2.39726;-1.102039;above;2023-2024
ATW;5;2024-11-26;2024-11-27;2024-12-04;575.0;567.0;-1.391304;-1.016638;above;2023-2024
ATW;5;2024-12-20;2024-12-23;2024-12-30;574.0;566.0;-1.393728;-0.008288;above;2023-2024
ATW;5;2025-01-08;2025-01-09;2025-01-17;621.8;621.0;-0.128659;1.111537;above;2025+
ATW;5;2025-01-17;2025-01-20;2025-01-27;622.1;614.9;-1.15737;-0.518191;above;2025+
ATW;5;2025-01-27;2025-01-28;2025-02-04;617.1;622.1;0.810241;2.096435;above;2025+
ATW;5;2025-02-04;2025-02-05;2025-02-12;625.0;640.0;2.4;1.082031;above;2025+
ATW;5;2025-02-12;2025-02-13;2025-02-20;638.0;667.5;4.623824;3.385325;above;2025+
ATW;5;2025-02-20;2025-02-21;2025-02-28;666.0;640.1;-3.888889;-0.707949;above;2025+
ATW;5;2025-03-18;2025-03-19;2025-03-26;670.1;692.0;3.268169;2.18077;above;2025+
ATW;5;2025-03-26;2025-03-27;2025-04-07;690.1;646.5;-6.317925;-7.565294;above;2025+
ATW;5;2025-05-02;2025-05-05;2025-05-12;663.0;675.0;1.809955;3.417173;above;2025+
ATW;5;2025-05-12;2025-05-13;2025-05-20;674.9;680.0;0.755668;-0.047324;above;2025+
ATW;5;2025-05-20;2025-05-21;2025-05-28;685.0;673.0;-1.751825;-0.160827;above;2025+
ATW;5;2025-06-05;2025-06-06;2025-06-16;671.6;676.1;0.670042;-2.067936;above;2025+
ATW;5;2025-06-24;2025-06-25;2025-07-03;685.2;690.0;0.700525;1.003985;above;2025+
ATW;5;2025-07-03;2025-07-04;2025-07-11;693.0;700.9;1.139971;1.877352;above;2025+
ATW;5;2025-07-11;2025-07-14;2025-07-21;700.0;718.0;2.571429;1.351991;above;2025+
ATW;5;2025-07-21;2025-07-22;2025-07-29;710.9;740.0;4.093403;1.321397;above;2025+
ATW;5;2025-07-29;2025-07-31;2025-08-07;750.0;769.7;2.626667;0.734102;above;2025+
ATW;5;2025-08-07;2025-08-08;2025-08-18;767.9;755.0;-1.679906;-0.371719;above;2025+
ATW;5;2025-08-18;2025-08-19;2025-08-28;755.0;781.0;3.443709;2.643586;above;2025+
ATW;5;2025-08-28;2025-08-29;2025-09-08;781.0;780.0;-0.128041;-0.071903;above;2025+
ATW;5;2025-09-08;2025-09-09;2025-09-16;758.0;772.0;1.846966;0.640429;above;2025+
ATW;5;2025-10-28;2025-10-29;2025-11-05;777.0;767.0;-1.287001;-0.48965;above;2025+
ATW;5;2025-11-05;2025-11-07;2025-11-14;766.0;736.0;-3.916449;-3.232598;above;2025+
ATW;5;2025-12-19;2025-12-22;2025-12-29;760.0;718.0;-5.526316;-2.931357;above;2025+
ATW;5;2026-01-07;2026-01-08;2026-01-16;755.1;749.0;-0.80784;-0.968678;above;2025+
ATW;5;2026-01-16;2026-01-19;2026-01-26;735.0;720.1;-2.027211;-3.277925;above;2025+
ATW;5;2026-02-19;2026-02-20;2026-02-27;760.0;726.0;-4.473684;-2.997106;below;2025+
ATW;5;2026-04-22;2026-04-23;2026-04-30;710.0;696.0;-1.971831;-2.901533;above;2025+
ATW;5;2026-06-01;2026-06-02;2026-06-09;688.1;680.0;-1.177154;-0.418438;above;2025+
ATW;5;2026-07-06;2026-07-07;2026-07-14;710.0;685.0;-3.521127;-2.251157;below;2025+
ATW;5;2026-08-10;2026-08-11;2026-08-19;701.2;705.0;0.541928;1.543056;above;2025+
ATW;5;2026-08-19;2026-08-24;2026-09-02;706.1;703.0;-0.439031;-3.170803;above;2025+
ATW;5;2026-09-02;2026-09-03;2026-09-22;708.0;691.0;-2.40113;-3.386329;above;2025+
ATW;20;2023-10-20;2023-10-23;2023-11-21;470.0;470.0;0.0;-2.183112;above;2023-2024
ATW;20;2023-11-21;2023-11-22;2023-12-20;469.15;469.5;0.074603;2.05255;above;2023-2024
ATW;20;2023-12-20;2023-12-21;2024-01-22;468.0;485.05;3.643162;4.414988;above;2023-2024
ATW;20;2024-01-22;2024-01-23;2024-02-20;485.1;507.0;4.514533;1.087524;above;2023-2024
ATW;20;2024-02-20;2024-02-21;2024-03-20;510.4;503.6;-1.332288;0.003318;above;2023-2024
ATW;20;2024-05-23;2024-05-24;2024-06-25;508.1;518.2;1.987798;0.293328;above;2023-2024
ATW;20;2024-06-25;2024-06-26;2024-07-24;518.0;523.0;0.965251;2.134685;above;2023-2024
ATW;20;2024-07-24;2024-07-25;2024-08-28;529.0;535.0;1.134216;1.814628;above;2023-2024
ATW;20;2024-09-30;2024-10-01;2024-10-29;544.0;545.0;0.183824;0.326447;above;2023-2024
ATW;20;2024-10-29;2024-10-30;2024-11-29;542.1;574.0;5.884523;4.617721;above;2023-2024
ATW;20;2024-11-29;2024-12-02;2024-12-30;570.0;566.0;-0.701754;0.002106;above;2023-2024
ATW;20;2025-01-30;2025-01-31;2025-02-28;631.0;640.1;1.442155;2.927032;above;2025+
ATW;20;2025-04-02;2025-04-03;2025-05-02;680.0;663.0;-2.5;1.45118;above;2025+
ATW;20;2025-05-02;2025-05-05;2025-06-02;663.0;670.0;1.055807;4.335439;above;2025+
ATW;20;2025-07-03;2025-07-04;2025-08-04;693.0;750.0;8.225108;4.819019;above;2025+
ATW;20;2025-08-04;2025-08-05;2025-09-08;753.0;780.0;3.585657;2.373854;above;2025+
ATW;20;2025-09-08;2025-09-09;2025-10-07;758.0;751.0;-0.923483;-2.754683;above;2025+
ATW;20;2025-11-05;2025-11-07;2025-12-08;766.0;719.9;-6.018277;-4.125615;above;2025+
ATW;20;2026-01-07;2026-01-08;2026-02-06;755.1;731.0;-3.19163;-5.578009;above;2025+
ATW;20;2026-08-13;2026-08-17;2026-09-30;705.0;680.0;-3.546099;-5.846596;above;2025+
ATW;60;2023-10-20;2023-10-23;2024-01-18;470.0;486.0;3.404255;3.292678;above;2023-2024
ATW;60;2024-01-18;2024-01-19;2024-04-17;486.55;506.1;4.018087;5.516739;above;2023-2024
ATW;60;2024-04-17;2024-04-18;2024-07-16;506.0;515.0;1.778656;0.005128;above;2023-2024
ATW;60;2025-01-16;2025-01-17;2025-04-15;621.0;664.0;6.924316;6.46115;above;2025+
ATW;60;2025-07-14;2025-07-15;2025-10-14;699.8;730.0;4.315519;-2.803135;above;2025+
ATW;60;2026-01-12;2026-01-13;2026-04-10;748.9;711.0;-5.060756;-4.821718;above;2025+
BAL;5;2023-10-20;2023-10-23;2023-10-30;174.0;174.0;0.0;-2.602436;above;2023-2024
BAL;5;2023-10-30;2023-10-31;2023-11-08;174.0;174.0;0.0;-0.503259;above;2023-2024
BAL;5;2023-11-16;2023-11-17;2023-11-24;183.0;183.0;0.0;0.08462;above;2023-2024
BAL;5;2023-11-24;2023-11-27;2023-12-04;183.0;183.0;0.0;-0.977137;above;2023-2024
BAL;5;2023-12-04;2023-12-05;2023-12-12;183.0;183.0;0.0;2.005016;above;2023-2024
BAL;5;2023-12-28;2023-12-29;2024-01-08;185.0;185.0;0.0;2.390994;above;2023-2024
BAL;5;2024-01-08;2024-01-09;2024-01-17;185.0;201.0;8.648649;1.266745;above;2023-2024
BAL;5;2024-01-17;2024-01-18;2024-01-25;201.0;201.0;0.0;0.301186;above;2023-2024
BAL;5;2024-01-25;2024-01-26;2024-02-02;201.0;210.0;4.477612;-1.08766;above;2023-2024
BAL;5;2024-02-02;2024-02-05;2024-02-12;210.0;210.0;0.0;1.974271;above;2023-2024
BAL;5;2024-02-12;2024-02-13;2024-02-20;210.0;212.0;0.952381;1.477759;above;2023-2024
BAL;5;2024-02-20;2024-02-21;2024-02-28;212.0;212.0;0.0;1.331642;above;2023-2024
BAL;5;2024-02-28;2024-02-29;2024-03-07;220.0;219.2;-0.363636;-1.194598;above;2023-2024
BAL;5;2024-03-07;2024-03-08;2024-03-15;219.2;219.2;0.0;1.210308;above;2023-2024
BAL;5;2024-03-15;2024-03-18;2024-03-25;219.2;219.2;0.0;-0.935377;above;2023-2024
BAL;5;2024-04-15;2024-04-16;2024-04-23;224.0;230.0;2.678571;-0.865642;above;2023-2024
BAL;5;2024-04-23;2024-04-24;2024-05-02;230.0;230.0;0.0;0.313299;above;2023-2024
BAL;5;2024-05-02;2024-05-03;2024-05-10;230.0;230.0;0.0;0.921702;above;2023-2024
BAL;5;2024-05-10;2024-05-13;2024-05-20;230.0;235.15;2.23913;-0.716252;above;2023-2024
BAL;5;2024-05-20;2024-05-21;2024-05-28;235.15;221.95;-5.613438;-0.391752;above;2023-2024
BAL;5;2024-07-03;2024-07-04;2024-07-11;216.25;205.0;-5.202312;1.040568;above;2023-2024
BAL;5;2024-08-07;2024-08-08;2024-08-16;220.0;219.0;-0.454545;0.705314;above;2023-2024
BAL;5;2024-08-16;2024-08-19;2024-08-28;206.0;220.0;6.796117;-0.041612;above;2023-2024
BAL;5;2024-08-28;2024-08-29;2024-09-05;218.35;218.35;0.0;-0.205668;above;2023-2024
BAL;5;2024-09-13;2024-09-18;2024-09-25;229.0;219.0;-4.366812;1.38181;above;2023-2024
BAL;5;2024-10-11;2024-10-14;2024-10-21;230.0;230.0;0.0;0.224007;above;2023-2024
BAL;5;2024-10-21;2024-10-22;2024-10-29;230.0;218.35;-5.065217;1.153404;above;2023-2024
BAL;5;2024-12-12;2024-12-13;2024-12-20;215.5;220.0;2.088167;0.11316;above;2023-2024
BAL;5;2024-12-20;2024-12-23;2024-12-30;220.0;220.0;0.0;-0.008288;above;2023-2024
BAL;5;2024-12-30;2024-12-31;2025-01-08;219.0;231.8;5.844749;6.433952;above;2023-2024
BAL;5;2025-01-08;2025-01-09;2025-01-17;231.8;220.0;-5.090595;1.111537;above;2025+
BAL;5;2025-02-12;2025-02-13;2025-02-20;225.0;224.0;-0.444444;3.385325;above;2025+
BAL;5;2025-02-20;2025-02-21;2025-02-28;224.0;230.0;2.678571;-0.707949;above;2025+
BAL;5;2025-02-28;2025-03-03;2025-03-10;230.0;220.0;-4.347826;-1.243798;above;2025+
BAL;5;2025-03-18;2025-03-19;2025-03-26;229.0;218.0;-4.803493;2.18077;above;2025+
BAL;5;2025-04-07;2025-04-08;2025-04-15;230.0;220.0;-4.347826;3.506814;above;2025+
BAL;5;2025-04-23;2025-04-24;2025-05-02;225.0;216.0;-4.0;1.210679;above;2025+
BAL;5;2025-05-20;2025-05-21;2025-05-28;228.0;230.0;0.877193;-0.160827;above;2025+
BAL;5;2025-05-28;2025-05-29;2025-06-05;230.0;228.0;-0.869565;4.293588;above;2025+
BAL;5;2025-06-05;2025-06-06;2025-06-16;228.0;228.0;0.0;-2.067936;above;2025+
BAL;5;2025-07-03;2025-07-04;2025-07-11;230.0;230.0;0.0;1.877352;above;2025+
BAL;5;2025-07-11;2025-07-14;2025-07-21;230.0;224.5;-2.391304;1.351991;above;2025+
BAL;5;2025-07-29;2025-07-31;2025-08-07;300.0;280.0;-6.666667;0.734102;above;2025+
BAL;5;2025-08-07;2025-08-08;2025-08-18;278.0;240.1;-13.633094;-0.371719;above;2025+
BAL;5;2025-08-28;2025-08-29;2025-09-08;299.0;314.0;5.016722;-0.071903;above;2025+
BAL;5;2025-09-08;2025-09-09;2025-09-16;315.0;315.0;0.0;0.640429;above;2025+
BAL;5;2025-09-16;2025-09-17;2025-09-24;315.0;314.5;-0.15873;0.15863;above;2025+
BAL;5;2025-09-24;2025-09-25;2025-10-02;314.5;260.9;-17.042925;-4.992012;above;2025+
BAL;5;2025-12-29;2025-12-30;2026-01-07;250.0;245.0;-2.0;4.238708;below;2025+
BAL;5;2026-01-07;2026-01-08;2026-01-16;245.0;231.0;-5.714286;-0.968678;above;2025+
BAL;5;2026-02-27;2026-03-02;2026-03-09;248.5;246.85;-0.663984;-4.853715;below;2025+
BAL;5;2026-03-09;2026-03-10;2026-03-17;246.85;246.85;0.0;0.962818;below;2025+
BAL;5;2026-03-17;2026-03-18;2026-03-27;246.85;221.0;-10.471947;-1.660871;below;2025+
BAL;5;2026-05-11;2026-05-12;2026-05-19;229.9;238.0;3.523271;-2.729843;above;2025+
BAL;5;2026-05-19;2026-05-20;2026-06-01;238.0;226.0;-5.042017;4.467041;below;2025+
BAL;20;2023-10-20;2023-10-23;2023-11-21;174.0;183.0;5.172414;-2.183112;above;2023-2024
BAL;20;2023-11-21;2023-11-22;2023-12-20;183.0;183.0;0.0;2.05255;above;2023-2024
BAL;20;2024-01-22;2024-01-23;2024-02-20;201.0;212.0;5.472637;1.087524;above;2023-2024
BAL;20;2024-02-20;2024-02-21;2024-03-20;212.0;219.2;3.396226;0.003318;above;2023-2024
BAL;20;2024-03-20;2024-03-21;2024-04-23;219.2;230.0;4.927007;2.073579;above;2023-2024
BAL;20;2024-04-23;2024-04-24;2024-05-23;230.0;222.0;-3.478261;0.709949;above;2023-2024
BAL;20;2024-08-28;2024-08-29;2024-09-30;218.35;230.0;5.335471;3.141424;above;2023-2024
BAL;20;2024-09-30;2024-10-01;2024-10-29;230.0;218.35;-5.065217;0.326447;above;2023-2024
BAL;20;2024-12-30;2024-12-31;2025-01-30;219.0;220.0;0.456621;10.636498;above;2023-2024
BAL;20;2025-02-28;2025-03-03;2025-04-02;230.0;230.0;0.0;5.259848;above;2025+
BAL;20;2025-04-02;2025-04-03;2025-05-02;230.0;216.0;-6.086957;1.45118;above;2025+
BAL;20;2025-06-02;2025-06-03;2025-07-03;228.0;229.0;0.438596;1.444803;above;2025+
BAL;20;2025-07-03;2025-07-04;2025-08-04;230.0;300.0;30.434783;4.819019;above;2025+
BAL;20;2025-08-04;2025-08-05;2025-09-08;289.0;314.0;8.650519;2.373854;above;2025+
BAL;20;2025-09-08;2025-09-09;2025-10-07;315.0;250.0;-20.634921;-2.754683;above;2025+
BAL;20;2026-01-07;2026-01-08;2026-02-06;245.0;225.0;-8.163265;-5.578009;above;2025+
BAL;20;2026-03-09;2026-03-10;2026-04-09;246.85;216.5;-12.294916;6.866219;below;2025+
BAL;20;2026-05-11;2026-05-12;2026-06-12;229.9;227.0;-1.261418;-4.38936;above;2025+
BAL;60;2023-10-20;2023-10-23;2024-01-18;174.0;201.0;15.517241;3.292678;above;2023-2024
BAL;60;2024-01-18;2024-01-19;2024-04-17;201.0;230.0;14.427861;5.516739;above;2023-2024
BAL;60;2024-04-17;2024-04-18;2024-07-16;230.0;199.5;-13.26087;0.005128;above;2023-2024
BAL;60;2024-10-17;2024-10-18;2025-01-16;230.0;220.0;-4.347826;14.206527;above;2023-2024
BAL;60;2025-07-14;2025-07-15;2025-10-14;230.0;255.0;10.869565;-2.803135;above;2025+
BAL;60;2026-01-12;2026-01-13;2026-04-10;242.0;216.5;-10.53719;-4.821718;above;2025+
BCP;5;2023-10-20;2023-10-23;2023-10-30;266.0;261.0;-1.879699;-2.602436;above;2023-2024
BCP;5;2023-11-16;2023-11-17;2023-11-24;263.4;266.0;0.987092;0.08462;above;2023-2024
BCP;5;2023-11-24;2023-11-27;2023-12-04;266.0;266.5;0.18797;-0.977137;above;2023-2024
BCP;5;2023-12-04;2023-12-05;2023-12-12;266.0;272.0;2.255639;2.005016;above;2023-2024
BCP;5;2023-12-12;2023-12-13;2023-12-20;274.05;277.05;1.094691;1.08122;above;2023-2024
BCP;5;2023-12-20;2023-12-21;2023-12-28;276.0;274.05;-0.706522;-1.11805;above;2023-2024
BCP;5;2023-12-28;2023-12-29;2024-01-08;275.0;280.0;1.818182;2.390994;above;2023-2024
BCP;5;2024-01-08;2024-01-09;2024-01-17;282.95;285.0;0.72451;1.266745;above;2023-2024
BCP;5;2024-01-17;2024-01-18;2024-01-25;292.0;293.35;0.462329;0.301186;above;2023-2024
BCP;5;2024-01-25;2024-01-26;2024-02-02;288.0;287.0;-0.347222;-1.08766;above;2023-2024
BCP;5;2024-02-12;2024-02-13;2024-02-20;295.0;297.0;0.677966;1.477759;above;2023-2024
BCP;5;2024-02-20;2024-02-21;2024-02-28;300.0;309.0;3.0;1.331642;above;2023-2024
BCP;5;2024-02-28;2024-02-29;2024-03-07;305.0;296.0;-2.95082;-1.194598;above;2023-2024
BCP;5;2024-04-15;2024-04-16;2024-04-23;292.0;291.0;-0.342466;-0.865642;above;2023-2024
BCP;5;2024-05-10;2024-05-13;2024-05-20;294.0;293.0;-0.340136;-0.716252;above;2023-2024
BCP;5;2024-05-28;2024-05-29;2024-06-05;293.9;290.0;-1.326982;-2.205187;above;2023-2024
BCP;5;2024-06-25;2024-06-26;2024-07-03;298.0;294.15;-1.291946;-1.103992;above;2023-2024
BCP;5;2024-07-03;2024-07-04;2024-07-11;295.0;304.0;3.050847;1.040568;above;2023-2024
BCP;5;2024-07-11;2024-07-12;2024-07-19;310.0;300.0;-3.225806;0.785092;above;2023-2024
BCP;5;2024-07-29;2024-07-31;2024-08-07;309.0;310.05;0.339806;-1.453699;above;2023-2024
BCP;5;2024-08-07;2024-08-08;2024-08-16;314.0;315.9;0.605096;0.705314;above;2023-2024
BCP;5;2024-08-16;2024-08-19;2024-08-28;315.05;312.0;-0.9681;-0.041612;above;2023-2024
BCP;5;2024-08-28;2024-08-29;2024-09-05;310.0;306.0;-1.290323;-0.205668;above;2023-2024
BCP;5;2024-11-15;2024-11-19;2024-11-26;305.0;300.0;-1.639344;-1.102039;above;2023-2024
BCP;5;2024-11-26;2024-11-27;2024-12-04;300.0;295.0;-1.666667;-1.016638;above;2023-2024
BCP;5;2025-06-05;2025-06-06;2025-06-16;302.0;290.0;-3.97351;-2.067936;above;2025+
BCP;5;2025-06-16;2025-06-17;2025-06-24;290.0;293.0;1.034483;0.805205;above;2025+
BCP;5;2025-06-24;2025-06-25;2025-07-03;293.0;306.55;4.624573;1.003985;above;2025+
BCP;5;2025-07-03;2025-07-04;2025-07-11;306.0;335.0;9.477124;1.877352;above;2025+
BCP;5;2025-07-11;2025-07-14;2025-07-21;334.0;325.5;-2.54491;1.351991;above;2025+
BCP;5;2025-07-21;2025-07-22;2025-07-29;331.0;330.0;-0.302115;1.321397;above;2025+
BCP;5;2025-07-29;2025-07-31;2025-08-07;335.0;329.0;-1.791045;0.734102;above;2025+
BCP;5;2025-08-07;2025-08-08;2025-08-18;323.2;323.0;-0.061881;-0.371719;above;2025+
BCP;5;2025-11-05;2025-11-07;2025-11-14;309.0;287.0;-7.119741;-3.232598;above;2025+
BCP;5;2026-01-07;2026-01-08;2026-01-16;290.0;285.0;-1.724138;-0.968678;above;2025+
BCP;5;2026-06-18;2026-06-19;2026-06-26;245.0;257.05;4.918367;-1.804636;below;2025+
BCP;5;2026-06-26;2026-06-29;2026-07-06;260.0;266.9;2.653846;1.926042;below;2025+
BCP;5;2026-07-06;2026-07-07;2026-07-14;264.9;248.5;-6.191015;-2.251157;below;2025+
BCP;5;2026-08-10;2026-08-11;2026-08-19;252.0;251.0;-0.396825;1.543056;above;2025+
BCP;5;2026-08-19;2026-08-24;2026-09-02;251.0;243.0;-3.187251;-3.170803;above;2025+
BCP;20;2023-10-20;2023-10-23;2023-11-21;266.0;266.5;0.18797;-2.183112;above;2023-2024
BCP;20;2023-11-21;2023-11-22;2023-12-20;267.0;277.05;3.764045;2.05255;above;2023-2024
BCP;20;2023-12-20;2023-12-21;2024-01-22;276.0;295.05;6.902174;4.414988;above;2023-2024
BCP;20;2024-01-22;2024-01-23;2024-02-20;294.2;297.0;0.951734;1.087524;above;2023-2024
BCP;20;2024-02-20;2024-02-21;2024-03-20;300.0;292.2;-2.6;0.003318;above;2023-2024
BCP;20;2024-05-23;2024-05-24;2024-06-25;296.0;296.5;0.168919;0.293328;above;2023-2024
BCP;20;2024-06-25;2024-06-26;2024-07-24;298.0;304.0;2.013423;2.134685;above;2023-2024
BCP;20;2024-07-24;2024-07-25;2024-08-28;304.0;312.0;2.631579;1.814628;above;2023-2024
BCP;20;2024-08-28;2024-08-29;2024-09-30;310.0;287.9;-7.129032;3.141424;above;2023-2024
BCP;20;2024-11-29;2024-12-02;2024-12-30;300.0;280.0;-6.666667;0.002106;above;2023-2024
BCP;20;2025-06-02;2025-06-03;2025-07-03;275.0;306.55;11.472727;1.444803;above;2025+
BCP;20;2025-07-03;2025-07-04;2025-08-04;306.0;328.0;7.189542;4.819019;above;2025+
BCP;20;2025-08-04;2025-08-05;2025-09-08;328.0;315.0;-3.963415;2.373854;above;2025+
BCP;20;2025-11-05;2025-11-07;2025-12-08;309.0;285.9;-7.475728;-4.125615;above;2025+
BCP;20;2026-01-07;2026-01-08;2026-02-06;290.0;270.0;-6.896552;-5.578009;above;2025+
BCP;20;2026-08-13;2026-08-17;2026-09-30;251.5;250.0;-0.596421;-5.846596;above;2025+
BCP;60;2023-10-20;2023-10-23;2024-01-18;266.0;292.0;9.774436;3.292678;above;2023-2024
BCP;60;2024-01-18;2024-01-19;2024-04-17;293.0;292.0;-0.341297;5.516739;above;2023-2024
BCP;60;2024-07-16;2024-07-17;2024-10-17;310.0;291.95;-5.822581;3.973828;above;2023-2024
BCP;60;2025-07-14;2025-07-15;2025-10-14;310.0;277.0;-10.645161;-2.803135;above;2025+
BOA;5;2023-11-16;2023-11-17;2023-11-24;178.0;178.0;0.0;0.08462;above;2023-2024
BOA;5;2023-12-20;2023-12-21;2023-12-28;184.0;183.0;-0.543478;-1.11805;above;2023-2024
BOA;5;2023-12-28;2023-12-29;2024-01-08;179.5;182.9;1.89415;2.390994;above;2023-2024
BOA;5;2024-01-08;2024-01-09;2024-01-17;183.0;184.2;0.655738;1.266745;above;2023-2024
BOA;5;2024-01-17;2024-01-18;2024-01-25;186.9;193.0;3.263777;0.301186;above;2023-2024
BOA;5;2024-01-25;2024-01-26;2024-02-02;195.5;193.0;-1.278772;-1.08766;above;2023-2024
BOA;5;2024-02-02;2024-02-05;2024-02-12;193.0;202.0;4.663212;1.974271;above;2023-2024
BOA;5;2024-02-12;2024-02-13;2024-02-20;205.5;200.0;-2.676399;1.477759;above;2023-2024
BOA;5;2024-02-20;2024-02-21;2024-02-28;200.0;202.95;1.475;1.331642;above;2023-2024
BOA;5;2024-02-28;2024-02-29;2024-03-07;200.0;195.0;-2.5;-1.194598;above;2023-2024
BOA;5;2024-03-15;2024-03-18;2024-03-25;198.0;198.95;0.479798;-0.935377;above;2023-2024
BOA;5;2024-03-25;2024-03-26;2024-04-02;195.0;195.0;0.0;0.88627;above;2023-2024
BOA;5;2024-04-15;2024-04-16;2024-04-23;194.0;192.0;-1.030928;-0.865642;above;2023-2024
BOA;5;2024-05-10;2024-05-13;2024-05-20;197.0;194.0;-1.522843;-0.716252;above;2023-2024
BOA;5;2024-06-25;2024-06-26;2024-07-03;194.0;193.0;-0.515464;-1.103992;above;2023-2024
BOA;5;2024-08-16;2024-08-19;2024-08-28;194.0;193.0;-0.515464;-0.041612;above;2023-2024
BOA;5;2024-09-13;2024-09-18;2024-09-25;191.6;193.8;1.148225;1.38181;above;2023-2024
BOA;5;2024-11-15;2024-11-19;2024-11-26;197.0;197.1;0.050761;-1.102039;above;2023-2024
BOA;5;2024-11-26;2024-11-27;2024-12-04;197.0;194.3;-1.370558;-1.016638;above;2023-2024
BOA;5;2024-12-20;2024-12-23;2024-12-30;198.5;203.0;2.267003;-0.008288;above;2023-2024
BOA;5;2024-12-30;2024-12-31;2025-01-08;205.0;205.3;0.146341;6.433952;above;2023-2024
BOA;5;2025-01-08;2025-01-09;2025-01-17;210.0;211.5;0.714286;1.111537;above;2025+
BOA;5;2025-01-17;2025-01-20;2025-01-27;211.75;208.0;-1.770956;-0.518191;above;2025+
BOA;5;2025-04-23;2025-04-24;2025-05-02;197.5;226.0;14.43038;1.210679;above;2025+
BOA;5;2025-05-02;2025-05-05;2025-05-12;219.0;234.85;7.237443;3.417173;above;2025+
BOA;5;2025-05-12;2025-05-13;2025-05-20;240.0;231.0;-3.75;-0.047324;above;2025+
BOA;5;2025-05-20;2025-05-21;2025-05-28;230.0;234.0;1.73913;-0.160827;above;2025+
BOA;5;2025-05-28;2025-05-29;2025-06-05;235.0;277.0;17.87234;4.293588;above;2025+
BOA;5;2025-06-05;2025-06-06;2025-06-16;270.0;266.8;-1.185185;-2.067936;above;2025+
BOA;5;2025-06-16;2025-06-17;2025-06-24;268.0;272.0;1.492537;0.805205;above;2025+
BOA;5;2025-06-24;2025-06-25;2025-07-03;272.0;270.1;-0.698529;1.003985;above;2025+
BOA;5;2025-07-03;2025-07-04;2025-07-11;273.0;271.0;-0.732601;1.877352;above;2025+
BOA;5;2025-07-11;2025-07-14;2025-07-21;266.0;265.1;-0.338346;1.351991;above;2025+
BOA;5;2025-07-29;2025-07-31;2025-08-07;265.2;268.0;1.055807;0.734102;above;2025+
BOA;5;2025-08-07;2025-08-08;2025-08-18;268.0;264.8;-1.19403;-0.371719;above;2025+
BOA;5;2025-10-28;2025-10-29;2025-11-05;245.0;241.0;-1.632653;-0.48965;above;2025+
BOA;5;2026-02-27;2026-03-02;2026-03-09;204.0;195.0;-4.411765;-4.853715;below;2025+
BOA;5;2026-03-17;2026-03-18;2026-03-27;219.0;205.0;-6.392694;-1.660871;below;2025+
BOA;5;2026-04-22;2026-04-23;2026-04-30;214.0;204.9;-4.252336;-2.901533;above;2025+
BOA;5;2026-09-22;2026-09-23;2026-09-30;194.8;192.0;-1.437372;-1.705413;below;2025+
BOA;20;2023-12-20;2023-12-21;2024-01-22;184.0;193.0;4.891304;4.414988;above;2023-2024
BOA;20;2024-01-22;2024-01-23;2024-02-20;193.65;200.0;3.279112;1.087524;above;2023-2024
BOA;20;2024-02-20;2024-02-21;2024-03-20;200.0;195.65;-2.175;0.003318;above;2023-2024
BOA;20;2024-05-23;2024-05-24;2024-06-25;194.0;195.0;0.515464;0.293328;above;2023-2024
BOA;20;2024-06-25;2024-06-26;2024-07-24;194.0;190.0;-2.061856;2.134685;above;2023-2024
BOA;20;2024-11-29;2024-12-02;2024-12-30;194.5;203.0;4.37018;0.002106;above;2023-2024
BOA;20;2024-12-30;2024-12-31;2025-01-30;205.0;207.4;1.170732;10.636498;above;2023-2024
BOA;20;2025-04-02;2025-04-03;2025-05-02;195.0;226.0;15.897436;1.45118;above;2025+
BOA;20;2025-05-02;2025-05-05;2025-06-02;219.0;238.0;8.675799;4.335439;above;2025+
BOA;20;2025-06-02;2025-06-03;2025-07-03;245.0;270.1;10.244898;1.444803;above;2025+
BOA;20;2025-07-03;2025-07-04;2025-08-04;273.0;266.0;-2.564103;4.819019;above;2025+
BOA;20;2025-12-08;2025-12-09;2026-01-07;231.0;220.0;-4.761905;5.345772;above;2025+
BOA;60;2024-01-18;2024-01-19;2024-04-17;192.5;197.45;2.571429;5.516739;above;2023-2024
BOA;60;2024-07-16;2024-07-17;2024-10-17;198.9;189.5;-4.725993;3.973828;above;2023-2024
BOA;60;2025-01-16;2025-01-17;2025-04-15;211.5;187.2;-11.489362;6.46115;above;2025+
CASH;5;2026-03-27;2026-03-30;2026-04-06;283.9;279.85;-1.426559;1.554679;below;2025+
CASH;5;2026-04-14;2026-04-15;2026-04-22;293.0;290.0;-1.023891;2.212452;below;2025+
CASH;5;2026-04-22;2026-04-23;2026-04-30;291.0;290.0;-0.343643;-2.901533;above;2025+
CASH;5;2026-04-30;2026-05-04;2026-05-11;290.0;281.0;-3.103448;0.825337;below;2025+
CASH;20;2026-04-09;2026-04-10;2026-05-11;300.0;281.0;-6.333333;2.187631;below;2025+
CDM;5;2023-10-20;2023-10-23;2023-10-30;760.0;760.0;0.0;-2.602436;above;2023-2024
CDM;5;2023-10-30;2023-10-31;2023-11-08;760.0;759.6;-0.052632;-0.503259;above;2023-2024
CDM;5;2023-11-08;2023-11-09;2023-11-16;759.6;732.4;-3.580832;0.192435;above;2023-2024
CDM;5;2023-12-12;2023-12-13;2023-12-20;760.0;751.0;-1.184211;1.08122;above;2023-2024
CDM;5;2023-12-28;2023-12-29;2024-01-08;797.0;849.9;6.63739;2.390994;above;2023-2024
CDM;5;2024-01-08;2024-01-09;2024-01-17;850.0;811.0;-4.588235;1.266745;above;2023-2024
CDM;5;2024-01-17;2024-01-18;2024-01-25;811.0;840.0;3.575832;0.301186;above;2023-2024
CDM;5;2024-01-25;2024-01-26;2024-02-02;820.0;825.0;0.609756;-1.08766;above;2023-2024
CDM;5;2024-02-12;2024-02-13;2024-02-20;882.9;860.0;-2.593725;1.477759;above;2023-2024
CDM;5;2024-02-20;2024-02-21;2024-02-28;825.0;823.0;-0.242424;1.331642;above;2023-2024
CDM;5;2024-03-15;2024-03-18;2024-03-25;880.0;879.0;-0.113636;-0.935377;above;2023-2024
CDM;5;2024-03-25;2024-03-26;2024-04-02;880.0;920.0;4.545455;0.88627;above;2023-2024
CDM;5;2024-04-02;2024-04-03;2024-04-15;920.0;920.0;0.0;2.11738;above;2023-2024
CDM;5;2024-04-15;2024-04-16;2024-04-23;919.0;917.0;-0.217628;-0.865642;above;2023-2024
CDM;5;2024-04-23;2024-04-24;2024-05-02;890.0;903.0;1.460674;0.313299;above;2023-2024
CDM;5;2024-06-25;2024-06-26;2024-07-03;932.7;950.0;1.85483;-1.103992;above;2023-2024
CDM;5;2024-07-03;2024-07-04;2024-07-11;950.0;860.0;-9.473684;1.040568;above;2023-2024
CDM;5;2024-08-07;2024-08-08;2024-08-16;930.0;930.0;0.0;0.705314;above;2023-2024
CDM;5;2024-08-16;2024-08-19;2024-08-28;930.0;930.0;0.0;-0.041612;above;2023-2024
CDM;5;2024-08-28;2024-08-29;2024-09-05;930.0;950.0;2.150538;-0.205668;above;2023-2024
CDM;5;2024-09-05;2024-09-06;2024-09-13;945.0;905.0;-4.232804;0.629486;above;2023-2024
CDM;5;2024-09-25;2024-09-26;2024-10-03;950.0;943.3;-0.705263;-1.500768;above;2023-2024
CDM;5;2024-10-03;2024-10-04;2024-10-11;930.0;929.8;-0.021505;-0.461776;above;2023-2024
CDM;5;2024-10-11;2024-10-14;2024-10-21;940.0;929.0;-1.170213;0.224007;above;2023-2024
CDM;5;2024-10-21;2024-10-22;2024-10-29;899.0;980.0;9.010011;1.153404;above;2023-2024
CDM;5;2024-10-29;2024-10-30;2024-11-07;911.0;1010.0;10.867179;2.153033;above;2023-2024
CDM;5;2024-11-07;2024-11-08;2024-11-15;1030.0;1025.0;-0.485437;1.358706;above;2023-2024
CDM;5;2024-11-15;2024-11-19;2024-11-26;1030.0;1001.0;-2.815534;-1.102039;above;2023-2024
CDM;5;2024-11-26;2024-11-27;2024-12-04;997.4;980.0;-1.744536;-1.016638;above;2023-2024
CDM;5;2025-01-08;2025-01-09;2025-01-17;1014.0;1050.0;3.550296;1.111537;above;2025+
CDM;5;2025-01-17;2025-01-20;2025-01-27;1050.0;1069.0;1.809524;-0.518191;above;2025+
CDM;5;2025-01-27;2025-01-28;2025-02-04;1096.0;1110.0;1.277372;2.096435;above;2025+
CDM;5;2025-02-04;2025-02-05;2025-02-12;1110.0;1130.0;1.801802;1.082031;above;2025+
CDM;5;2025-02-12;2025-02-13;2025-02-20;1131.0;1167.0;3.183024;3.385325;above;2025+
CDM;5;2025-02-20;2025-02-21;2025-02-28;1169.0;1101.0;-5.816938;-0.707949;above;2025+
CDM;5;2025-03-26;2025-03-27;2025-04-07;1170.0;1004.0;-14.188034;-7.565294;above;2025+
CDM;5;2025-05-20;2025-05-21;2025-05-28;1095.0;1085.0;-0.913242;-0.160827;above;2025+
CDM;5;2025-06-05;2025-06-06;2025-06-16;1129.0;1087.0;-3.720106;-2.067936;above;2025+
CDM;5;2025-08-07;2025-08-08;2025-08-18;1105.0;1090.0;-1.357466;-0.371719;above;2025+
CDM;5;2025-08-18;2025-08-19;2025-08-28;1084.0;1069.0;-1.383764;2.643586;above;2025+
CDM;5;2025-10-28;2025-10-29;2025-11-05;1030.0;1025.0;-0.485437;-0.48965;above;2025+
CDM;5;2025-12-11;2025-12-12;2025-12-19;1050.0;1100.0;4.761905;2.002477;above;2025+
CDM;5;2025-12-19;2025-12-22;2025-12-29;1098.0;1000.0;-8.925319;-2.931357;above;2025+
CDM;5;2026-01-07;2026-01-08;2026-01-16;1135.0;1135.0;0.0;-0.968678;above;2025+
CDM;5;2026-01-16;2026-01-19;2026-01-26;1094.0;1079.0;-1.371115;-3.277925;above;2025+
CDM;5;2026-02-11;2026-02-12;2026-02-19;1149.0;1122.0;-2.349869;0.488806;below;2025+
CDM;5;2026-02-19;2026-02-20;2026-02-27;1120.0;1100.0;-1.785714;-2.997106;below;2025+
CDM;5;2026-02-27;2026-03-02;2026-03-09;1050.0;995.0;-5.238095;-4.853715;below;2025+
CDM;5;2026-07-31;2026-08-03;2026-08-10;997.0;999.0;0.200602;5.347486;below;2025+
CDM;5;2026-08-10;2026-08-11;2026-08-19;999.0;988.0;-1.101101;1.543056;above;2025+
CDM;5;2026-08-19;2026-08-24;2026-09-02;991.0;985.0;-0.605449;-3.170803;above;2025+
CDM;20;2023-10-20;2023-10-23;2023-11-21;760.0;750.0;-1.315789;-2.183112;above;2023-2024
CDM;20;2024-01-22;2024-01-23;2024-02-20;840.0;860.0;2.380952;1.087524;above;2023-2024
CDM;20;2024-02-20;2024-02-21;2024-03-20;825.0;880.0;6.666667;0.003318;above;2023-2024
CDM;20;2024-03-20;2024-03-21;2024-04-23;880.0;917.0;4.204545;2.073579;above;2023-2024
CDM;20;2024-04-23;2024-04-24;2024-05-23;890.0;890.0;0.0;0.709949;above;2023-2024
CDM;20;2024-06-25;2024-06-26;2024-07-24;932.7;870.0;-6.722419;2.134685;above;2023-2024
CDM;20;2024-08-28;2024-08-29;2024-09-30;930.0;891.2;-4.172043;3.141424;above;2023-2024
CDM;20;2024-10-29;2024-10-30;2024-11-29;911.0;993.0;9.001098;4.617721;above;2023-2024
CDM;20;2025-01-30;2025-01-31;2025-02-28;1110.0;1101.0;-0.810811;2.927032;above;2025+
CDM;20;2025-04-02;2025-04-03;2025-05-02;1141.0;1080.0;-5.346188;1.45118;above;2025+
CDM;20;2026-01-07;2026-01-08;2026-02-06;1135.0;1040.0;-8.370044;-5.578009;above;2025+
CDM;20;2026-08-13;2026-08-17;2026-09-30;998.0;960.0;-3.807615;-5.846596;above;2025+
CDM;60;2023-10-20;2023-10-23;2024-01-18;760.0;811.0;6.710526;3.292678;above;2023-2024
CDM;60;2024-01-18;2024-01-19;2024-04-17;840.0;919.0;9.404762;5.516739;above;2023-2024
CDM;60;2024-04-17;2024-04-18;2024-07-16;919.0;905.0;-1.523395;0.005128;above;2023-2024
CDM;60;2024-10-17;2024-10-18;2025-01-16;850.1;1040.0;22.338548;14.206527;above;2023-2024
CDM;60;2025-01-16;2025-01-17;2025-04-15;1050.0;1085.0;3.333333;6.46115;above;2025+
CDM;60;2026-01-12;2026-01-13;2026-04-10;1120.0;1031.0;-7.946429;-4.821718;above;2025+
CFGB;5;2024-07-29;2024-07-31;2024-08-07;175.0;172.0;-1.714286;-1.453699;above;2023-2024
CFGB;5;2024-08-07;2024-08-08;2024-08-16;173.5;174.0;0.288184;0.705314;above;2023-2024
CFGB;5;2024-08-16;2024-08-19;2024-08-28;173.0;174.5;0.867052;-0.041612;above;2023-2024
CFGB;5;2024-08-28;2024-08-29;2024-09-05;179.4;176.0;-1.895206;-0.205668;above;2023-2024
CFGB;5;2024-09-05;2024-09-06;2024-09-13;176.0;180.0;2.272727;0.629486;above;2023-2024
CFGB;5;2024-09-13;2024-09-18;2024-09-25;189.0;194.9;3.121693;1.38181;above;2023-2024
CFGB;5;2024-09-25;2024-09-26;2024-10-03;193.0;189.0;-2.072539;-1.500768;above;2023-2024
CFGB;5;2024-10-03;2024-10-04;2024-10-11;188.5;188.0;-0.265252;-0.461776;above;2023-2024
CFGB;5;2024-11-07;2024-11-08;2024-11-15;192.0;203.0;5.729167;1.358706;above;2023-2024
CFGB;5;2024-11-15;2024-11-19;2024-11-26;201.95;209.5;3.738549;-1.102039;above;2023-2024
CFGB;5;2024-11-26;2024-11-27;2024-12-04;209.0;205.1;-1.866029;-1.016638;above;2023-2024
CFGB;5;2024-12-04;2024-12-05;2024-12-12;207.0;210.0;1.449275;-1.36814;above;2023-2024
CFGB;5;2024-12-12;2024-12-13;2024-12-20;213.0;219.9;3.239437;0.11316;above;2023-2024
CFGB;5;2024-12-20;2024-12-23;2024-12-30;218.0;218.0;0.0;-0.008288;above;2023-2024
CFGB;5;2024-12-30;2024-12-31;2025-01-08;222.0;234.1;5.45045;6.433952;above;2023-2024
CFGB;5;2025-01-08;2025-01-09;2025-01-17;239.0;236.0;-1.25523;1.111537;above;2025+
CFGB;5;2025-01-17;2025-01-20;2025-01-27;238.0;235.05;-1.239496;-0.518191;above;2025+
CFGB;5;2025-01-27;2025-01-28;2025-02-04;235.0;240.0;2.12766;2.096435;above;2025+
CFGB;5;2025-02-04;2025-02-05;2025-02-12;241.9;240.5;-0.578752;1.082031;above;2025+
CFGB;5;2025-02-12;2025-02-13;2025-02-20;240.0;249.0;3.75;3.385325;above;2025+
CFGB;5;2025-02-20;2025-02-21;2025-02-28;241.0;237.0;-1.659751;-0.707949;above;2025+
CFGB;5;2025-05-02;2025-05-05;2025-05-12;226.2;233.1;3.050398;3.417173;above;2025+
CFGB;5;2025-05-12;2025-05-13;2025-05-20;234.0;230.0;-1.709402;-0.047324;above;2025+
CFGB;5;2025-05-20;2025-05-21;2025-05-28;231.0;244.0;5.627706;-0.160827;above;2025+
CFGB;5;2025-05-28;2025-05-29;2025-06-05;242.0;239.9;-0.867769;4.293588;above;2025+
CFGB;5;2025-06-05;2025-06-06;2025-06-16;238.0;232.5;-2.310924;-2.067936;above;2025+
CFGB;5;2025-07-11;2025-07-14;2025-07-21;227.2;246.0;8.274648;1.351991;above;2025+
CFGB;5;2025-07-21;2025-07-22;2025-07-29;246.0;246.2;0.081301;1.321397;above;2025+
CFGB;5;2025-07-29;2025-07-31;2025-08-07;248.0;246.5;-0.604839;0.734102;above;2025+
CFGB;5;2025-08-07;2025-08-08;2025-08-18;241.0;242.5;0.622407;-0.371719;above;2025+
CFGB;5;2025-08-28;2025-08-29;2025-09-08;254.0;249.0;-1.968504;-0.071903;above;2025+
CFGB;5;2025-09-08;2025-09-09;2025-09-16;246.0;260.0;5.691057;0.640429;above;2025+
CFGB;5;2025-09-16;2025-09-17;2025-09-24;257.0;258.0;0.389105;0.15863;above;2025+
CFGB;5;2025-09-24;2025-09-25;2025-10-02;255.0;235.0;-7.843137;-4.992012;above;2025+
CFGB;5;2025-10-28;2025-10-29;2025-11-05;249.1;252.6;1.405058;-0.48965;above;2025+
CFGB;5;2025-11-05;2025-11-07;2025-11-14;254.9;253.5;-0.549235;-3.232598;above;2025+
CFGB;5;2025-11-14;2025-11-17;2025-11-25;243.65;242.1;-0.636158;-0.613156;above;2025+
CFGB;5;2025-12-11;2025-12-12;2025-12-19;250.1;249.0;-0.439824;2.002477;above;2025+
CFGB;5;2025-12-19;2025-12-22;2025-12-29;250.0;230.0;-8.0;-2.931357;above;2025+
CFGB;5;2026-04-22;2026-04-23;2026-04-30;217.95;210.0;-3.647626;-2.901533;above;2025+
CFGB;5;2026-09-22;2026-09-23;2026-09-30;205.9;198.0;-3.836814;-1.705413;below;2025+
CFGB;20;2024-07-24;2024-07-25;2024-08-28;169.0;174.5;3.254438;1.814628;above;2023-2024
CFGB;20;2024-08-28;2024-08-29;2024-09-30;179.4;188.0;4.793757;3.141424;above;2023-2024
CFGB;20;2024-09-30;2024-10-01;2024-10-29;187.5;184.0;-1.866667;0.326447;above;2023-2024
CFGB;20;2024-11-29;2024-12-02;2024-12-30;205.0;218.0;6.341463;0.002106;above;2023-2024
CFGB;20;2024-12-30;2024-12-31;2025-01-30;222.0;240.0;8.108108;10.636498;above;2023-2024
CFGB;20;2025-01-30;2025-01-31;2025-02-28;243.0;237.0;-2.469136;2.927032;above;2025+
CFGB;20;2025-05-02;2025-05-05;2025-06-02;226.2;238.05;5.238727;4.335439;above;2025+
CFGB;20;2025-06-02;2025-06-03;2025-07-03;240.0;226.1;-5.791667;1.444803;above;2025+
CFGB;20;2025-08-04;2025-08-05;2025-09-08;250.0;249.0;-0.4;2.373854;above;2025+
CFGB;20;2025-09-08;2025-09-09;2025-10-07;246.0;244.05;-0.792683;-2.754683;above;2025+
CFGB;20;2025-11-05;2025-11-07;2025-12-08;254.9;250.0;-1.922322;-4.125615;above;2025+
CFGB;20;2025-12-08;2025-12-09;2026-01-07;246.0;248.0;0.813008;5.345772;above;2025+
CFGB;60;2025-01-16;2025-01-17;2025-04-15;236.0;220.25;-6.673729;6.46115;above;2025+
CIH;5;2023-10-20;2023-10-23;2023-10-30;397.0;393.0;-1.007557;-2.602436;above;2023-2024
CIH;5;2024-02-12;2024-02-13;2024-02-20;348.0;368.0;5.747126;1.477759;above;2023-2024
CIH;5;2024-02-20;2024-02-21;2024-02-28;370.0;365.5;-1.216216;1.331642;above;2023-2024
CIH;5;2024-02-28;2024-02-29;2024-03-07;360.0;372.0;3.333333;-1.194598;above;2023-2024
CIH;5;2024-03-07;2024-03-08;2024-03-15;365.0;367.0;0.547945;1.210308;above;2023-2024
CIH;5;2024-03-25;2024-03-26;2024-04-02;367.0;367.5;0.13624;0.88627;above;2023-2024
CIH;5;2024-04-02;2024-04-03;2024-04-15;388.0;379.0;-2.319588;2.11738;above;2023-2024
CIH;5;2024-04-15;2024-04-16;2024-04-23;374.0;376.5;0.668449;-0.865642;above;2023-2024
CIH;5;2024-04-23;2024-04-24;2024-05-02;375.0;380.0;1.333333;0.313299;above;2023-2024
CIH;5;2024-05-02;2024-05-03;2024-05-10;380.0;387.0;1.842105;0.921702;above;2023-2024
CIH;5;2024-05-10;2024-05-13;2024-05-20;389.0;388.85;-0.03856;-0.716252;above;2023-2024
CIH;5;2024-05-20;2024-05-21;2024-05-28;388.6;377.0;-2.985075;-0.391752;above;2023-2024
CIH;5;2024-06-25;2024-06-26;2024-07-03;386.05;384.0;-0.531019;-1.103992;above;2023-2024
CIH;5;2024-07-03;2024-07-04;2024-07-11;384.0;382.8;-0.3125;1.040568;above;2023-2024
CIH;5;2024-07-11;2024-07-12;2024-07-19;378.0;388.0;2.645503;0.785092;above;2023-2024
CIH;5;2024-07-19;2024-07-22;2024-07-29;382.05;402.0;5.22183;2.172993;above;2023-2024
CIH;5;2024-07-29;2024-07-31;2024-08-07;400.0;395.0;-1.25;-1.453699;above;2023-2024
CIH;5;2024-08-07;2024-08-08;2024-08-16;394.9;403.45;2.165105;0.705314;above;2023-2024
CIH;5;2024-08-16;2024-08-19;2024-08-28;406.0;406.15;0.036946;-0.041612;above;2023-2024
CIH;5;2024-08-28;2024-08-29;2024-09-05;412.0;400.55;-2.779126;-0.205668;above;2023-2024
CIH;5;2024-11-07;2024-11-08;2024-11-15;415.0;415.1;0.024096;1.358706;above;2023-2024
CIH;5;2024-11-15;2024-11-19;2024-11-26;410.35;418.85;2.071402;-1.102039;above;2023-2024
CIH;5;2024-11-26;2024-11-27;2024-12-04;418.85;411.05;-1.862242;-1.016638;above;2023-2024
CIH;5;2025-01-08;2025-01-09;2025-01-17;400.0;413.0;3.25;1.111537;above;2025+
CIH;5;2025-01-17;2025-01-20;2025-01-27;410.0;445.0;8.536585;-0.518191;above;2025+
CIH;5;2025-01-27;2025-01-28;2025-02-04;450.0;470.0;4.444444;2.096435;above;2025+
CIH;5;2025-02-04;2025-02-05;2025-02-12;465.0;450.0;-3.225806;1.082031;above;2025+
CIH;5;2025-02-12;2025-02-13;2025-02-20;447.5;470.0;5.027933;3.385325;above;2025+
CIH;5;2025-02-20;2025-02-21;2025-02-28;461.0;455.0;-1.301518;-0.707949;above;2025+
CIH;5;2025-06-05;2025-06-06;2025-06-16;414.0;415.0;0.241546;-2.067936;above;2025+
CIH;5;2025-06-16;2025-06-17;2025-06-24;414.95;424.9;2.397879;0.805205;above;2025+
CIH;5;2025-06-24;2025-06-25;2025-07-03;440.0;419.95;-4.556818;1.003985;above;2025+
CIH;5;2025-07-03;2025-07-04;2025-07-11;410.0;412.7;0.658537;1.877352;above;2025+
CIH;5;2025-07-29;2025-07-31;2025-08-07;450.0;439.75;-2.277778;0.734102;above;2025+
CIH;5;2025-08-07;2025-08-08;2025-08-18;437.0;427.95;-2.070938;-0.371719;above;2025+
CIH;5;2025-09-24;2025-09-25;2025-10-02;429.0;414.9;-3.286713;-4.992012;above;2025+
CIH;5;2025-10-28;2025-10-29;2025-11-05;424.0;428.9;1.15566;-0.48965;above;2025+
CIH;5;2025-11-05;2025-11-07;2025-11-14;428.4;420.0;-1.960784;-3.232598;above;2025+
CIH;5;2025-12-19;2025-12-22;2025-12-29;412.2;415.0;0.679282;-2.931357;above;2025+
CIH;5;2026-08-10;2026-08-11;2026-08-19;350.0;350.0;0.0;1.543056;above;2025+
CIH;5;2026-08-19;2026-08-24;2026-09-02;350.0;337.0;-3.714286;-3.170803;above;2025+
CIH;20;2023-10-20;2023-10-23;2023-11-21;397.0;363.0;-8.564232;-2.183112;above;2023-2024
CIH;20;2024-02-20;2024-02-21;2024-03-20;370.0;365.0;-1.351351;0.003318;above;2023-2024
CIH;20;2024-04-23;2024-04-24;2024-05-23;375.0;384.0;2.4;0.709949;above;2023-2024
CIH;20;2024-05-23;2024-05-24;2024-06-25;384.0;385.0;0.260417;0.293328;above;2023-2024
CIH;20;2024-06-25;2024-06-26;2024-07-24;386.05;395.0;2.318353;2.134685;above;2023-2024
CIH;20;2024-07-24;2024-07-25;2024-08-28;393.0;406.15;3.346056;1.814628;above;2023-2024
CIH;20;2024-08-28;2024-08-29;2024-09-30;412.0;408.0;-0.970874;3.141424;above;2023-2024
CIH;20;2024-11-29;2024-12-02;2024-12-30;411.0;396.0;-3.649635;0.002106;above;2023-2024
CIH;20;2025-01-30;2025-01-31;2025-02-28;460.0;455.0;-1.086957;2.927032;above;2025+
CIH;20;2025-07-03;2025-07-04;2025-08-04;410.0;434.0;5.853659;4.819019;above;2025+
CIH;20;2025-08-04;2025-08-05;2025-09-08;443.0;425.0;-4.063205;2.373854;above;2025+
CIH;20;2025-11-05;2025-11-07;2025-12-08;428.4;416.0;-2.894491;-4.125615;above;2025+
CIH;60;2023-10-20;2023-10-23;2024-01-18;397.0;338.5;-14.735516;3.292678;above;2023-2024
CIH;60;2025-01-16;2025-01-17;2025-04-15;413.0;410.75;-0.544794;6.46115;above;2025+
CMGP;5;2025-05-28;2025-05-29;2025-06-05;339.4;335.0;-1.296405;4.293588;above;2025+
CMGP;5;2025-06-05;2025-06-06;2025-06-16;329.5;320.0;-2.883156;-2.067936;above;2025+
CMGP;5;2025-07-11;2025-07-14;2025-07-21;363.0;355.35;-2.107438;1.351991;above;2025+
CMGP;5;2025-07-21;2025-07-22;2025-07-29;355.0;375.0;5.633803;1.321397;above;2025+
CMGP;5;2025-07-29;2025-07-31;2025-08-07;379.0;401.1;5.831135;0.734102;above;2025+
CMGP;5;2025-08-07;2025-08-08;2025-08-18;395.1;408.25;3.328271;-0.371719;above;2025+
CMGP;5;2025-08-18;2025-08-19;2025-08-28;400.0;395.0;-1.25;2.643586;above;2025+
CMGP;5;2025-09-08;2025-09-09;2025-09-16;396.0;400.0;1.010101;0.640429;above;2025+
CMGP;5;2025-09-24;2025-09-25;2025-10-02;409.0;370.0;-9.535452;-4.992012;above;2025+
CMGP;5;2025-12-11;2025-12-12;2025-12-19;376.0;368.0;-2.12766;2.002477;above;2025+
CMGP;5;2026-01-07;2026-01-08;2026-01-16;390.0;385.0;-1.282051;-0.968678;above;2025+
CMGP;5;2026-01-16;2026-01-19;2026-01-26;375.0;378.0;0.8;-3.277925;above;2025+
CMGP;5;2026-02-19;2026-02-20;2026-02-27;392.95;378.0;-3.804555;-2.997106;below;2025+
CMGP;5;2026-04-14;2026-04-15;2026-04-22;380.0;380.0;0.0;2.212452;below;2025+
CMGP;5;2026-04-22;2026-04-23;2026-04-30;375.0;350.0;-6.666667;-2.901533;above;2025+
CMGP;20;2025-06-02;2025-06-03;2025-07-03;333.0;320.0;-3.903904;1.444803;above;2025+
CMGP;20;2025-08-04;2025-08-05;2025-09-08;390.0;412.0;5.641026;2.373854;above;2025+
CMGP;20;2025-09-08;2025-09-09;2025-10-07;396.0;391.4;-1.161616;-2.754683;above;2025+
CMGP;20;2025-12-08;2025-12-09;2026-01-07;376.0;390.4;3.829787;5.345772;above;2025+
CMGP;20;2026-01-07;2026-01-08;2026-02-06;390.0;376.0;-3.589744;-5.578009;above;2025+
CMGP;20;2026-04-09;2026-04-10;2026-05-11;385.0;365.0;-5.194805;2.187631;below;2025+
CMGP;60;2025-07-14;2025-07-15;2025-10-14;355.0;370.0;4.225352;-2.803135;above;2025+
CMGP;60;2026-01-12;2026-01-13;2026-04-10;393.5;385.0;-2.160102;-4.821718;above;2025+
CMT;5;2024-02-02;2024-02-05;2024-02-12;1444.0;1412.0;-2.216066;1.974271;above;2023-2024
CMT;5;2024-02-12;2024-02-13;2024-02-20;1400.0;1447.0;3.357143;1.477759;above;2023-2024
CMT;5;2024-02-20;2024-02-21;2024-02-28;1303.0;1299.0;-0.306984;1.331642;above;2023-2024
CMT;5;2026-01-16;2026-01-19;2026-01-26;2000.0;2379.0;18.95;-3.277925;above;2025+
CMT;5;2026-01-26;2026-01-27;2026-02-03;2616.0;2370.0;-9.40367;-0.948094;below;2025+
CMT;5;2026-02-03;2026-02-04;2026-02-11;2400.0;2617.0;9.041667;-0.461065;below;2025+
CMT;5;2026-02-11;2026-02-12;2026-02-19;2878.0;3335.0;15.879083;0.488806;below;2025+
CMT;5;2026-02-19;2026-02-20;2026-02-27;3350.0;3579.0;6.835821;-2.997106;below;2025+
CMT;5;2026-02-27;2026-03-02;2026-03-09;3713.0;3200.0;-13.816321;-4.853715;below;2025+
COL;5;2023-10-20;2023-10-23;2023-10-30;46.5;47.5;2.150538;-2.602436;above;2023-2024
COL;5;2023-10-30;2023-10-31;2023-11-08;47.88;46.8;-2.255639;-0.503259;above;2023-2024
COL;5;2023-11-24;2023-11-27;2023-12-04;46.99;46.49;-1.064056;-0.977137;above;2023-2024
COL;5;2023-12-20;2023-12-21;2023-12-28;44.5;46.98;5.573034;-1.11805;above;2023-2024
COL;5;2023-12-28;2023-12-29;2024-01-08;46.5;45.61;-1.913978;2.390994;above;2023-2024
COL;5;2024-03-25;2024-03-26;2024-04-02;46.16;49.0;6.152513;0.88627;above;2023-2024
COL;5;2024-04-02;2024-04-03;2024-04-15;48.4;49.9;3.099174;2.11738;above;2023-2024
COL;5;2024-04-15;2024-04-16;2024-04-23;48.9;52.0;6.339468;-0.865642;above;2023-2024
COL;5;2024-04-23;2024-04-24;2024-05-02;51.99;53.0;1.942681;0.313299;above;2023-2024
COL;5;2024-05-02;2024-05-03;2024-05-10;52.95;53.95;1.888574;0.921702;above;2023-2024
COL;5;2024-05-10;2024-05-13;2024-05-20;53.95;56.38;4.504171;-0.716252;above;2023-2024
COL;5;2024-05-20;2024-05-21;2024-05-28;54.5;55.5;1.834862;-0.391752;above;2023-2024
COL;5;2024-05-28;2024-05-29;2024-06-05;55.85;55.0;-1.521934;-2.205187;above;2023-2024
COL;5;2024-07-29;2024-07-31;2024-08-07;53.45;52.99;-0.860617;-1.453699;above;2023-2024
COL;5;2024-08-07;2024-08-08;2024-08-16;52.0;50.5;-2.884615;0.705314;above;2023-2024
COL;5;2024-10-11;2024-10-14;2024-10-21;52.55;51.5;-1.998097;0.224007;above;2023-2024
COL;5;2024-10-29;2024-10-30;2024-11-07;50.99;51.89;1.765052;2.153033;above;2023-2024
COL;5;2024-11-07;2024-11-08;2024-11-15;50.4;52.52;4.206349;1.358706;above;2023-2024
COL;5;2024-11-15;2024-11-19;2024-11-26;51.0;52.69;3.313725;-1.102039;above;2023-2024
COL;5;2024-11-26;2024-11-27;2024-12-04;52.5;52.5;0.0;-1.016638;above;2023-2024
COL;5;2024-12-04;2024-12-05;2024-12-12;52.72;52.29;-0.81563;-1.36814;above;2023-2024
COL;5;2024-12-12;2024-12-13;2024-12-20;53.0;52.97;-0.056604;0.11316;above;2023-2024
COL;5;2024-12-20;2024-12-23;2024-12-30;52.97;54.99;3.813479;-0.008288;above;2023-2024
COL;5;2024-12-30;2024-12-31;2025-01-08;56.0;60.58;8.178571;6.433952;above;2023-2024
COL;5;2025-01-08;2025-01-09;2025-01-17;61.94;60.0;-3.132063;1.111537;above;2025+
COL;5;2025-01-17;2025-01-20;2025-01-27;59.9;59.5;-0.66778;-0.518191;above;2025+
COL;5;2025-01-27;2025-01-28;2025-02-04;59.39;59.9;0.85873;2.096435;above;2025+
COL;5;2025-02-12;2025-02-13;2025-02-20;60.5;59.0;-2.479339;3.385325;above;2025+
COL;5;2025-02-28;2025-03-03;2025-03-10;57.5;58.99;2.591304;-1.243798;above;2025+
COL;5;2025-03-18;2025-03-19;2025-03-26;59.0;61.0;3.389831;2.18077;above;2025+
COL;5;2025-03-26;2025-03-27;2025-04-07;61.9;57.5;-7.108239;-7.565294;above;2025+
COL;5;2025-04-15;2025-04-16;2025-04-23;60.0;58.56;-2.4;0.582511;above;2025+
COL;5;2025-05-20;2025-05-21;2025-05-28;60.9;61.0;0.164204;-0.160827;above;2025+
COL;5;2025-05-28;2025-05-29;2025-06-05;62.5;64.3;2.88;4.293588;above;2025+
COL;5;2025-06-05;2025-06-06;2025-06-16;63.98;59.08;-7.658643;-2.067936;above;2025+
COL;5;2025-07-11;2025-07-14;2025-07-21;61.95;61.0;-1.533495;1.351991;above;2025+
COL;5;2025-08-07;2025-08-08;2025-08-18;68.21;83.04;21.74168;-0.371719;above;2025+
COL;5;2025-08-18;2025-08-19;2025-08-28;84.0;90.61;7.869048;2.643586;above;2025+
COL;5;2025-08-28;2025-08-29;2025-09-08;89.0;103.65;16.460674;-0.071903;above;2025+
COL;5;2025-09-08;2025-09-09;2025-09-16;98.0;98.8;0.816327;0.640429;above;2025+
COL;5;2025-09-16;2025-09-17;2025-09-24;97.0;95.0;-2.061856;0.15863;above;2025+
COL;5;2025-12-29;2025-12-30;2026-01-07;86.0;85.0;-1.162791;4.238708;below;2025+
COL;5;2026-01-07;2026-01-08;2026-01-16;85.8;84.98;-0.955711;-0.968678;above;2025+
COL;5;2026-01-16;2026-01-19;2026-01-26;84.92;82.0;-3.43853;-3.277925;above;2025+
COL;5;2026-02-03;2026-02-04;2026-02-11;84.42;84.0;-0.497512;-0.461065;below;2025+
COL;5;2026-02-19;2026-02-20;2026-02-27;92.5;90.0;-2.702703;-2.997106;below;2025+
COL;5;2026-02-27;2026-03-02;2026-03-09;83.0;86.95;4.759036;-4.853715;below;2025+
COL;5;2026-08-10;2026-08-11;2026-08-19;80.0;81.5;1.875;1.543056;above;2025+
COL;5;2026-08-19;2026-08-24;2026-09-02;81.5;80.3;-1.472393;-3.170803;above;2025+
COL;20;2023-10-20;2023-10-23;2023-11-21;46.5;46.5;0.0;-2.183112;above;2023-2024
COL;20;2023-12-20;2023-12-21;2024-01-22;44.5;46.0;3.370787;4.414988;above;2023-2024
COL;20;2024-03-20;2024-03-21;2024-04-23;47.0;52.0;10.638298;2.073579;above;2023-2024
COL;20;2024-04-23;2024-04-24;2024-05-23;51.99;55.85;7.424505;0.709949;above;2023-2024
COL;20;2024-05-23;2024-05-24;2024-06-25;55.0;52.0;-5.454545;0.293328;above;2023-2024
COL;20;2024-07-24;2024-07-25;2024-08-28;52.99;51.72;-2.396679;1.814628;above;2023-2024
COL;20;2024-09-30;2024-10-01;2024-10-29;51.5;51.98;0.932039;0.326447;above;2023-2024
COL;20;2024-10-29;2024-10-30;2024-11-29;50.99;52.52;3.000588;4.617721;above;2023-2024
COL;20;2024-11-29;2024-12-02;2024-12-30;52.38;54.99;4.982818;0.002106;above;2023-2024
COL;20;2024-12-30;2024-12-31;2025-01-30;56.0;61.0;8.928571;10.636498;above;2023-2024
COL;20;2025-01-30;2025-01-31;2025-02-28;59.5;59.48;-0.033613;2.927032;above;2025+
COL;20;2025-02-28;2025-03-03;2025-04-02;57.5;63.0;9.565217;5.259848;above;2025+
COL;20;2025-04-02;2025-04-03;2025-05-02;61.1;58.51;-4.238953;1.45118;above;2025+
COL;20;2025-06-02;2025-06-03;2025-07-03;62.8;61.12;-2.675159;1.444803;above;2025+
COL;20;2025-09-08;2025-09-09;2025-10-07;98.0;90.0;-8.163265;-2.754683;above;2025+
COL;20;2026-01-07;2026-01-08;2026-02-06;85.8;85.0;-0.932401;-5.578009;above;2025+
COL;20;2026-02-06;2026-02-09;2026-03-09;84.94;86.95;2.366376;-9.844118;below;2025+
COL;20;2026-08-13;2026-08-17;2026-09-30;81.39;80.0;-1.707827;-5.846596;above;2025+
COL;60;2023-10-20;2023-10-23;2024-01-18;46.5;45.5;-2.150538;3.292678;above;2023-2024
COL;60;2024-04-17;2024-04-18;2024-07-16;54.85;51.3;-6.472197;0.005128;above;2023-2024
COL;60;2025-01-16;2025-01-17;2025-04-15;60.0;61.9;3.166667;6.46115;above;2025+
COL;60;2025-04-15;2025-04-16;2025-07-14;60.0;61.95;3.25;10.488766;above;2025+
COL;60;2025-07-14;2025-07-15;2025-10-14;62.0;84.99;37.080645;-2.803135;above;2025+
COL;60;2026-01-12;2026-01-13;2026-04-10;85.0;81.0;-4.705882;-4.821718;above;2025+
CSR;5;2023-10-30;2023-10-31;2023-11-08;202.0;202.15;0.074257;-0.503259;above;2023-2024
CSR;5;2023-11-16;2023-11-17;2023-11-24;205.05;205.5;0.219459;0.08462;above;2023-2024
CSR;5;2023-11-24;2023-11-27;2023-12-04;201.05;201.65;0.298433;-0.977137;above;2023-2024
CSR;5;2024-02-28;2024-02-29;2024-03-07;194.0;193.0;-0.515464;-1.194598;above;2023-2024
CSR;5;2024-04-02;2024-04-03;2024-04-15;196.15;197.0;0.433342;2.11738;above;2023-2024
CSR;5;2024-04-15;2024-04-16;2024-04-23;192.7;198.0;2.750389;-0.865642;above;2023-2024
CSR;5;2024-04-23;2024-04-24;2024-05-02;197.0;195.0;-1.015228;0.313299;above;2023-2024
CSR;5;2024-09-25;2024-09-26;2024-10-03;190.5;187.0;-1.83727;-1.500768;above;2023-2024
CSR;5;2024-10-11;2024-10-14;2024-10-21;196.1;193.0;-1.580826;0.224007;above;2023-2024
CSR;5;2024-11-07;2024-11-08;2024-11-15;197.05;196.0;-0.53286;1.358706;above;2023-2024
CSR;5;2024-11-15;2024-11-19;2024-11-26;197.5;194.0;-1.772152;-1.102039;above;2023-2024
CSR;5;2025-01-17;2025-01-20;2025-01-27;204.45;207.95;1.71191;-0.518191;above;2025+
CSR;5;2025-01-27;2025-01-28;2025-02-04;206.6;210.0;1.645692;2.096435;above;2025+
CSR;5;2025-02-04;2025-02-05;2025-02-12;205.1;205.5;0.195027;1.082031;above;2025+
CSR;5;2025-02-28;2025-03-03;2025-03-10;208.0;206.0;-0.961538;-1.243798;above;2025+
CSR;5;2025-03-10;2025-03-11;2025-03-18;205.0;202.0;-1.463415;2.201264;above;2025+
CSR;5;2025-03-26;2025-03-27;2025-04-07;213.85;207.0;-3.20318;-7.565294;above;2025+
CSR;5;2025-04-15;2025-04-16;2025-04-23;219.0;236.15;7.83105;0.582511;above;2025+
CSR;5;2025-04-23;2025-04-24;2025-05-02;239.0;238.0;-0.41841;1.210679;above;2025+
CSR;5;2025-05-02;2025-05-05;2025-05-12;235.0;240.0;2.12766;3.417173;above;2025+
CSR;5;2025-05-12;2025-05-13;2025-05-20;241.8;235.15;-2.750207;-0.047324;above;2025+
CSR;5;2025-06-05;2025-06-06;2025-06-16;243.0;234.0;-3.703704;-2.067936;above;2025+
CSR;5;2025-07-03;2025-07-04;2025-07-11;252.1;261.6;3.768346;1.877352;above;2025+
CSR;5;2025-07-11;2025-07-14;2025-07-21;258.0;253.9;-1.589147;1.351991;above;2025+
CSR;5;2025-07-21;2025-07-22;2025-07-29;249.0;242.0;-2.811245;1.321397;above;2025+
CSR;5;2026-01-07;2026-01-08;2026-01-16;211.35;209.95;-0.662408;-0.968678;above;2025+
CSR;5;2026-01-16;2026-01-19;2026-01-26;209.0;202.0;-3.349282;-3.277925;above;2025+
CSR;5;2026-04-22;2026-04-23;2026-04-30;193.95;188.0;-3.067801;-2.901533;above;2025+
CSR;20;2023-11-21;2023-11-22;2023-12-20;205.5;200.1;-2.627737;2.05255;above;2023-2024
CSR;20;2024-04-23;2024-04-24;2024-05-23;197.0;197.0;0.0;0.709949;above;2023-2024
CSR;20;2024-05-23;2024-05-24;2024-06-25;196.0;192.05;-2.015306;0.293328;above;2023-2024
CSR;20;2024-09-30;2024-10-01;2024-10-29;190.0;192.65;1.394737;0.326447;above;2023-2024
CSR;20;2024-11-29;2024-12-02;2024-12-30;196.0;191.0;-2.55102;0.002106;above;2023-2024
CSR;20;2025-01-30;2025-01-31;2025-02-28;205.0;208.0;1.463415;2.927032;above;2025+
CSR;20;2025-02-28;2025-03-03;2025-04-02;208.0;227.0;9.134615;5.259848;above;2025+
CSR;20;2025-04-02;2025-04-03;2025-05-02;222.6;238.0;6.918239;1.45118;above;2025+
CSR;20;2025-05-02;2025-05-05;2025-06-02;235.0;233.0;-0.851064;4.335439;above;2025+
CSR;20;2025-07-03;2025-07-04;2025-08-04;252.1;242.0;-4.006347;4.819019;above;2025+
CSR;20;2026-01-07;2026-01-08;2026-02-06;211.35;202.95;-3.97445;-5.578009;above;2025+
CSR;60;2024-04-17;2024-04-18;2024-07-16;197.95;192.9;-2.551149;0.005128;above;2023-2024
CSR;60;2024-10-17;2024-10-18;2025-01-16;196.0;213.0;8.673469;14.206527;above;2023-2024
CSR;60;2025-01-16;2025-01-17;2025-04-15;209.1;218.0;4.256337;6.46115;above;2025+
CSR;60;2025-04-15;2025-04-16;2025-07-14;219.0;258.0;17.808219;10.488766;above;2025+
CSR;60;2025-07-14;2025-07-15;2025-10-14;256.5;198.0;-22.807018;-2.803135;above;2025+
CSR;60;2026-01-12;2026-01-13;2026-04-10;210.0;193.0;-8.095238;-4.821718;above;2025+
CTM;5;2023-11-24;2023-11-27;2023-12-04;611.0;605.0;-0.981997;-0.977137;above;2023-2024
CTM;5;2023-12-04;2023-12-05;2023-12-12;605.0;585.0;-3.305785;2.005016;above;2023-2024
CTM;5;2024-01-08;2024-01-09;2024-01-17;597.5;594.0;-0.585774;1.266745;above;2023-2024
CTM;5;2024-01-17;2024-01-18;2024-01-25;598.4;591.0;-1.236631;0.301186;above;2023-2024
CTM;5;2024-02-12;2024-02-13;2024-02-20;593.0;578.6;-2.428331;1.477759;above;2023-2024
CTM;5;2024-02-28;2024-02-29;2024-03-07;589.9;590.0;0.016952;-1.194598;above;2023-2024
CTM;5;2024-03-07;2024-03-08;2024-03-15;600.0;600.0;0.0;1.210308;above;2023-2024
CTM;5;2024-03-15;2024-03-18;2024-03-25;600.0;589.0;-1.833333;-0.935377;above;2023-2024
CTM;5;2024-04-15;2024-04-16;2024-04-23;642.0;660.0;2.803738;-0.865642;above;2023-2024
CTM;5;2024-04-23;2024-04-24;2024-05-02;642.0;648.0;0.934579;0.313299;above;2023-2024
CTM;5;2024-05-02;2024-05-03;2024-05-10;641.0;630.0;-1.716069;0.921702;above;2023-2024
CTM;5;2024-05-20;2024-05-21;2024-05-28;660.0;676.0;2.424242;-0.391752;above;2023-2024
CTM;5;2024-05-28;2024-05-29;2024-06-05;676.0;652.0;-3.550296;-2.205187;above;2023-2024
CTM;5;2024-06-25;2024-06-26;2024-07-03;695.0;695.0;0.0;-1.103992;above;2023-2024
CTM;5;2024-07-03;2024-07-04;2024-07-11;683.0;681.9;-0.161054;1.040568;above;2023-2024
CTM;5;2024-07-11;2024-07-12;2024-07-19;679.5;680.0;0.073584;0.785092;above;2023-2024
CTM;5;2024-07-29;2024-07-31;2024-08-07;675.1;685.0;1.466449;-1.453699;above;2023-2024
CTM;5;2024-08-07;2024-08-08;2024-08-16;685.0;672.1;-1.883212;0.705314;above;2023-2024
CTM;5;2024-09-05;2024-09-06;2024-09-13;680.0;670.0;-1.470588;0.629486;above;2023-2024
CTM;5;2024-10-11;2024-10-14;2024-10-21;669.9;669.9;0.0;0.224007;above;2023-2024
CTM;5;2024-10-21;2024-10-22;2024-10-29;669.9;665.9;-0.597104;1.153404;above;2023-2024
CTM;5;2024-10-29;2024-10-30;2024-11-07;625.4;649.9;3.917493;2.153033;above;2023-2024
CTM;5;2024-11-26;2024-11-27;2024-12-04;653.9;698.0;6.74415;-1.016638;above;2023-2024
CTM;5;2024-12-04;2024-12-05;2024-12-12;686.0;690.0;0.58309;-1.36814;above;2023-2024
CTM;5;2024-12-12;2024-12-13;2024-12-20;690.0;712.5;3.26087;0.11316;above;2023-2024
CTM;5;2024-12-20;2024-12-23;2024-12-30;700.0;998.0;42.571429;-0.008288;above;2023-2024
CTM;5;2024-12-30;2024-12-31;2025-01-08;1097.0;1239.0;12.944394;6.433952;above;2023-2024
CTM;5;2025-01-08;2025-01-09;2025-01-17;1160.0;1151.0;-0.775862;1.111537;above;2025+
CTM;5;2025-01-17;2025-01-20;2025-01-27;1128.0;1035.0;-8.244681;-0.518191;above;2025+
CTM;5;2025-02-20;2025-02-21;2025-02-28;1172.0;1110.0;-5.290102;-0.707949;above;2025+
CTM;5;2025-02-28;2025-03-03;2025-03-10;1144.0;1105.0;-3.409091;-1.243798;above;2025+
CTM;5;2025-03-26;2025-03-27;2025-04-07;1140.0;874.0;-23.333333;-7.565294;above;2025+
CTM;5;2025-07-03;2025-07-04;2025-07-11;980.0;954.2;-2.632653;1.877352;above;2025+
CTM;5;2025-07-11;2025-07-14;2025-07-21;941.7;900.0;-4.428162;1.351991;above;2025+
CTM;5;2025-08-18;2025-08-19;2025-08-28;940.0;958.0;1.914894;2.643586;above;2025+
CTM;5;2025-08-28;2025-08-29;2025-09-08;966.0;1022.0;5.797101;-0.071903;above;2025+
CTM;5;2025-09-08;2025-09-09;2025-09-16;992.0;1002.0;1.008065;0.640429;above;2025+
CTM;5;2025-09-16;2025-09-17;2025-09-24;1001.0;960.0;-4.095904;0.15863;above;2025+
CTM;5;2025-12-03;2025-12-04;2025-12-11;926.0;890.0;-3.887689;0.611924;above;2025+
CTM;5;2025-12-19;2025-12-22;2025-12-29;900.0;895.0;-0.555556;-2.931357;above;2025+
CTM;5;2026-01-07;2026-01-08;2026-01-16;910.0;900.0;-1.098901;-0.968678;above;2025+
CTM;5;2026-04-14;2026-04-15;2026-04-22;924.5;916.9;-0.822066;2.212452;below;2025+
CTM;5;2026-04-22;2026-04-23;2026-04-30;915.0;911.9;-0.338798;-2.901533;above;2025+
CTM;5;2026-04-30;2026-05-04;2026-05-11;909.0;905.0;-0.440044;0.825337;below;2025+
CTM;5;2026-06-01;2026-06-02;2026-06-09;896.0;879.0;-1.897321;-0.418438;above;2025+
CTM;5;2026-07-06;2026-07-07;2026-07-14;869.0;858.9;-1.162255;-2.251157;below;2025+
CTM;5;2026-07-31;2026-08-03;2026-08-10;878.5;893.0;1.650541;5.347486;below;2025+
CTM;5;2026-08-10;2026-08-11;2026-08-19;890.0;875.0;-1.685393;1.543056;above;2025+
CTM;5;2026-09-02;2026-09-03;2026-09-22;889.9;858.8;-3.494775;-3.386329;above;2025+
CTM;20;2023-11-21;2023-11-22;2023-12-20;611.0;580.0;-5.07365;2.05255;above;2023-2024
CTM;20;2024-01-22;2024-01-23;2024-02-20;595.0;578.6;-2.756303;1.087524;above;2023-2024
CTM;20;2024-03-20;2024-03-21;2024-04-23;598.0;660.0;10.367893;2.073579;above;2023-2024
CTM;20;2024-04-23;2024-04-24;2024-05-23;642.0;679.0;5.76324;0.709949;above;2023-2024
CTM;20;2024-05-23;2024-05-24;2024-06-25;679.0;695.0;2.356406;0.293328;above;2023-2024
CTM;20;2024-06-25;2024-06-26;2024-07-24;695.0;661.0;-4.892086;2.134685;above;2023-2024
CTM;20;2024-10-29;2024-10-30;2024-11-29;625.4;651.9;4.237288;4.617721;above;2023-2024
CTM;20;2024-11-29;2024-12-02;2024-12-30;713.9;998.0;39.79549;0.002106;above;2023-2024
CTM;20;2024-12-30;2024-12-31;2025-01-30;1097.0;1108.0;1.002735;10.636498;above;2023-2024
CTM;20;2025-02-28;2025-03-03;2025-04-02;1144.0;995.5;-12.980769;5.259848;above;2025+
CTM;20;2025-07-03;2025-07-04;2025-08-04;980.0;905.0;-7.653061;4.819019;above;2025+
CTM;20;2025-09-08;2025-09-09;2025-10-07;992.0;925.0;-6.754032;-2.754683;above;2025+
CTM;20;2026-01-07;2026-01-08;2026-02-06;910.0;880.0;-3.296703;-5.578009;above;2025+
CTM;20;2026-04-09;2026-04-10;2026-05-11;900.0;905.0;0.555556;2.187631;below;2025+
CTM;60;2024-01-18;2024-01-19;2024-04-17;574.1;630.0;9.73698;5.516739;above;2023-2024
CTM;60;2024-04-17;2024-04-18;2024-07-16;642.5;675.0;5.058366;0.005128;above;2023-2024
CTM;60;2024-10-17;2024-10-18;2025-01-16;669.9;1156.0;72.563069;14.206527;above;2023-2024
CTM;60;2025-01-16;2025-01-17;2025-04-15;1151.0;962.8;-16.350999;6.46115;above;2025+
CTM;60;2025-07-14;2025-07-15;2025-10-14;929.9;890.0;-4.290784;-2.803135;above;2025+
CTM;60;2026-04-10;2026-04-13;2026-07-13;912.0;866.0;-5.04386;-2.727012;below;2025+
DHO;5;2023-10-20;2023-10-23;2023-10-30;37.5;37.0;-1.333333;-2.602436;above;2023-2024
DHO;5;2023-11-16;2023-11-17;2023-11-24;39.6;35.23;-11.035354;0.08462;above;2023-2024
DHO;5;2023-12-04;2023-12-05;2023-12-12;36.5;37.0;1.369863;2.005016;above;2023-2024
DHO;5;2023-12-12;2023-12-13;2023-12-20;37.0;37.9;2.432432;1.08122;above;2023-2024
DHO;5;2023-12-20;2023-12-21;2023-12-28;37.89;35.99;-5.014516;-1.11805;above;2023-2024
DHO;5;2024-01-17;2024-01-18;2024-01-25;36.94;37.35;1.109908;0.301186;above;2023-2024
DHO;5;2024-01-25;2024-01-26;2024-02-02;37.3;36.94;-0.965147;-1.08766;above;2023-2024
DHO;5;2024-02-12;2024-02-13;2024-02-20;37.89;38.0;0.290314;1.477759;above;2023-2024
DHO;5;2024-02-20;2024-02-21;2024-02-28;38.0;42.89;12.868421;1.331642;above;2023-2024
DHO;5;2024-02-28;2024-02-29;2024-03-07;40.55;40.98;1.060419;-1.194598;above;2023-2024
DHO;5;2024-03-07;2024-03-08;2024-03-15;40.0;39.0;-2.5;1.210308;above;2023-2024
DHO;5;2024-04-15;2024-04-16;2024-04-23;39.0;46.0;17.948718;-0.865642;above;2023-2024
DHO;5;2024-04-23;2024-04-24;2024-05-02;49.0;46.0;-6.122449;0.313299;above;2023-2024
DHO;5;2024-05-02;2024-05-03;2024-05-10;45.75;46.0;0.546448;0.921702;above;2023-2024
DHO;5;2024-05-10;2024-05-13;2024-05-20;46.03;50.0;8.62481;-0.716252;above;2023-2024
DHO;5;2024-05-20;2024-05-21;2024-05-28;49.49;48.47;-2.061022;-0.391752;above;2023-2024
DHO;5;2024-05-28;2024-05-29;2024-06-05;48.5;48.79;0.597938;-2.205187;above;2023-2024
DHO;5;2024-06-05;2024-06-06;2024-06-13;48.5;49.0;1.030928;-0.416116;above;2023-2024
DHO;5;2024-06-13;2024-06-14;2024-06-25;48.45;48.0;-0.928793;1.881824;above;2023-2024
DHO;5;2024-07-11;2024-07-12;2024-07-19;46.5;49.5;6.451613;0.785092;above;2023-2024
DHO;5;2024-07-19;2024-07-22;2024-07-29;49.19;52.0;5.712543;2.172993;above;2023-2024
DHO;5;2024-07-29;2024-07-31;2024-08-07;53.0;51.5;-2.830189;-1.453699;above;2023-2024
DHO;5;2024-08-07;2024-08-08;2024-08-16;52.0;51.79;-0.403846;0.705314;above;2023-2024
DHO;5;2024-08-16;2024-08-19;2024-08-28;50.0;50.99;1.98;-0.041612;above;2023-2024
DHO;5;2024-09-13;2024-09-18;2024-09-25;58.0;58.0;0.0;1.38181;above;2023-2024
DHO;5;2024-09-25;2024-09-26;2024-10-03;57.99;55.43;-4.414554;-1.500768;above;2023-2024
DHO;5;2024-10-03;2024-10-04;2024-10-11;54.5;55.0;0.917431;-0.461776;above;2023-2024
DHO;5;2024-12-20;2024-12-23;2024-12-30;52.99;56.0;5.680317;-0.008288;above;2023-2024
DHO;5;2024-12-30;2024-12-31;2025-01-08;57.0;62.4;9.473684;6.433952;above;2023-2024
DHO;5;2025-01-08;2025-01-09;2025-01-17;68.5;66.0;-3.649635;1.111537;above;2025+
DHO;5;2025-01-17;2025-01-20;2025-01-27;65.0;66.0;1.538462;-0.518191;above;2025+
DHO;5;2025-01-27;2025-01-28;2025-02-04;72.05;70.0;-2.845246;2.096435;above;2025+
DHO;5;2025-02-04;2025-02-05;2025-02-12;70.88;72.39;2.130361;1.082031;above;2025+
DHO;5;2025-02-12;2025-02-13;2025-02-20;72.39;69.0;-4.682967;3.385325;above;2025+
DHO;5;2025-03-26;2025-03-27;2025-04-07;78.0;72.01;-7.679487;-7.565294;above;2025+
DHO;5;2025-04-15;2025-04-16;2025-04-23;78.0;80.98;3.820513;0.582511;above;2025+
DHO;5;2025-04-23;2025-04-24;2025-05-02;81.0;82.2;1.481481;1.210679;above;2025+
DHO;5;2025-05-02;2025-05-05;2025-05-12;82.0;90.0;9.756098;3.417173;above;2025+
DHO;5;2025-05-12;2025-05-13;2025-05-20;90.0;81.7;-9.222222;-0.047324;above;2025+
DHO;5;2025-05-28;2025-05-29;2025-06-05;80.0;84.0;5.0;4.293588;above;2025+
DHO;5;2025-08-07;2025-08-08;2025-08-18;87.9;85.99;-2.172924;-0.371719;above;2025+
DHO;5;2025-08-18;2025-08-19;2025-08-28;85.0;86.5;1.764706;2.643586;above;2025+
DHO;5;2025-08-28;2025-08-29;2025-09-08;85.0;86.15;1.352941;-0.071903;above;2025+
DHO;5;2025-09-08;2025-09-09;2025-09-16;82.0;82.5;0.609756;0.640429;above;2025+
DHO;5;2025-12-29;2025-12-30;2026-01-07;75.0;78.29;4.386667;4.238708;below;2025+
DHO;5;2026-01-07;2026-01-08;2026-01-16;76.0;74.0;-2.631579;-0.968678;above;2025+
DHO;5;2026-04-14;2026-04-15;2026-04-22;63.03;63.5;0.745677;2.212452;below;2025+
DHO;5;2026-04-22;2026-04-23;2026-04-30;63.99;60.0;-6.235349;-2.901533;above;2025+
DHO;5;2026-06-18;2026-06-19;2026-06-26;61.0;59.0;-3.278689;-1.804636;below;2025+
DHO;5;2026-08-10;2026-08-11;2026-08-19;57.8;56.0;-3.114187;1.543056;above;2025+
DHO;20;2023-10-20;2023-10-23;2023-11-21;37.5;37.0;-1.333333;-2.183112;above;2023-2024
DHO;20;2023-12-20;2023-12-21;2024-01-22;37.89;36.97;-2.428081;4.414988;above;2023-2024
DHO;20;2024-01-22;2024-01-23;2024-02-20;37.39;38.0;1.631452;1.087524;above;2023-2024
DHO;20;2024-02-20;2024-02-21;2024-03-20;38.0;39.5;3.947368;0.003318;above;2023-2024
DHO;20;2024-04-23;2024-04-24;2024-05-23;49.0;49.05;0.102041;0.709949;above;2023-2024
DHO;20;2024-05-23;2024-05-24;2024-06-25;47.15;48.0;1.802757;0.293328;above;2023-2024
DHO;20;2024-07-24;2024-07-25;2024-08-28;52.0;50.99;-1.942308;1.814628;above;2023-2024
DHO;20;2024-09-30;2024-10-01;2024-10-29;57.5;54.5;-5.217391;0.326447;above;2023-2024
DHO;20;2024-12-30;2024-12-31;2025-01-30;57.0;71.99;26.298246;10.636498;above;2023-2024
DHO;20;2025-01-30;2025-01-31;2025-02-28;70.72;67.0;-5.260181;2.927032;above;2025+
DHO;20;2025-04-02;2025-04-03;2025-05-02;81.01;82.2;1.468954;1.45118;above;2025+
DHO;20;2025-05-02;2025-05-05;2025-06-02;82.0;80.3;-2.073171;4.335439;above;2025+
DHO;20;2025-09-08;2025-09-09;2025-10-07;82.0;79.98;-2.463415;-2.754683;above;2025+
DHO;20;2026-01-07;2026-01-08;2026-02-06;76.0;68.0;-10.526316;-5.578009;above;2025+
DHO;20;2026-08-13;2026-08-17;2026-09-30;57.0;50.0;-12.280702;-5.846596;above;2025+
DHO;60;2023-10-20;2023-10-23;2024-01-18;37.5;36.94;-1.493333;3.292678;above;2023-2024
DHO;60;2024-01-18;2024-01-19;2024-04-17;36.95;41.49;12.286874;5.516739;above;2023-2024
DHO;60;2024-04-17;2024-04-18;2024-07-16;43.5;47.99;10.321839;0.005128;above;2023-2024
DHO;60;2025-01-16;2025-01-17;2025-04-15;66.0;78.0;18.181818;6.46115;above;2025+
DHO;60;2025-04-15;2025-04-16;2025-07-14;78.0;80.0;2.564103;10.488766;above;2025+
DHO;60;2026-01-12;2026-01-13;2026-04-10;75.0;64.0;-14.666667;-4.821718;above;2025+
DHO;60;2026-04-10;2026-04-13;2026-07-13;61.8;57.35;-7.200647;-2.727012;below;2025+
ENK;5;2023-12-12;2023-12-13;2023-12-20;31.6;31.45;-0.474684;1.08122;above;2023-2024
ENK;5;2023-12-20;2023-12-21;2023-12-28;31.42;31.5;0.254615;-1.11805;above;2023-2024
ENK;5;2024-01-08;2024-01-09;2024-01-17;32.0;32.48;1.5;1.266745;above;2023-2024
ENK;5;2024-01-17;2024-01-18;2024-01-25;31.96;32.6;2.002503;0.301186;above;2023-2024
ENK;5;2024-01-25;2024-01-26;2024-02-02;32.6;31.6;-3.067485;-1.08766;above;2023-2024
ENK;5;2024-02-12;2024-02-13;2024-02-20;32.0;32.5;1.5625;1.477759;above;2023-2024
ENK;5;2024-02-28;2024-02-29;2024-03-07;32.88;32.79;-0.273723;-1.194598;above;2023-2024
ENK;5;2024-03-07;2024-03-08;2024-03-15;32.75;32.5;-0.763359;1.210308;above;2023-2024
ENK;5;2024-04-15;2024-04-16;2024-04-23;37.19;36.0;-3.199785;-0.865642;above;2023-2024
ENK;5;2024-04-23;2024-04-24;2024-05-02;35.7;35.18;-1.456583;0.313299;above;2023-2024
ENK;5;2024-05-02;2024-05-03;2024-05-10;34.94;34.79;-0.429307;0.921702;above;2023-2024
ENK;5;2024-05-28;2024-05-29;2024-06-05;34.78;33.6;-3.392754;-2.205187;above;2023-2024
ENK;5;2024-06-13;2024-06-14;2024-06-25;34.6;34.98;1.098266;1.881824;above;2023-2024
ENK;5;2024-06-25;2024-06-26;2024-07-03;34.5;34.99;1.42029;-1.103992;above;2023-2024
ENK;5;2024-07-03;2024-07-04;2024-07-11;34.97;33.76;-3.460109;1.040568;above;2023-2024
ENK;5;2024-09-13;2024-09-18;2024-09-25;34.68;34.43;-0.720877;1.38181;above;2023-2024
ENK;5;2024-09-25;2024-09-26;2024-10-03;34.43;34.28;-0.435667;-1.500768;above;2023-2024
ENK;5;2024-12-20;2024-12-23;2024-12-30;33.2;33.85;1.957831;-0.008288;above;2023-2024
ENK;5;2024-12-30;2024-12-31;2025-01-08;33.01;36.0;9.057861;6.433952;above;2023-2024
ENK;5;2025-01-08;2025-01-09;2025-01-17;34.83;34.4;-1.234568;1.111537;above;2025+
ENK;5;2025-01-17;2025-01-20;2025-01-27;33.0;33.45;1.363636;-0.518191;above;2025+
ENK;5;2025-02-12;2025-02-13;2025-02-20;34.45;32.21;-6.502177;3.385325;above;2025+
ENK;5;2025-03-26;2025-03-27;2025-04-07;36.14;33.0;-8.688434;-7.565294;above;2025+
ENK;5;2025-05-02;2025-05-05;2025-05-12;34.0;34.48;1.411765;3.417173;above;2025+
ENK;5;2025-05-12;2025-05-13;2025-05-20;34.0;34.6;1.764706;-0.047324;above;2025+
ENK;5;2025-05-20;2025-05-21;2025-05-28;34.57;33.0;-4.54151;-0.160827;above;2025+
ENK;5;2025-07-29;2025-07-31;2025-08-07;34.92;34.5;-1.202749;0.734102;above;2025+
ENK;5;2025-08-07;2025-08-08;2025-08-18;34.5;41.75;21.014493;-0.371719;above;2025+
ENK;5;2025-08-18;2025-08-19;2025-08-28;45.92;44.31;-3.506098;2.643586;above;2025+
ENK;5;2025-08-28;2025-08-29;2025-09-08;43.7;48.94;11.990847;-0.071903;above;2025+
ENK;5;2025-09-08;2025-09-09;2025-09-16;48.51;64.11;32.158318;0.640429;above;2025+
ENK;5;2025-09-16;2025-09-17;2025-09-24;61.6;59.1;-4.058442;0.15863;above;2025+
ENK;5;2025-09-24;2025-09-25;2025-10-02;58.15;48.0;-17.454858;-4.992012;above;2025+
ENK;5;2025-10-10;2025-10-13;2025-10-20;58.01;59.0;1.706602;1.402054;above;2025+
ENK;5;2025-10-20;2025-10-21;2025-10-28;60.4;65.0;7.615894;0.365781;above;2025+
ENK;5;2025-10-28;2025-10-29;2025-11-05;64.0;59.25;-7.421875;-0.48965;above;2025+
ENK;5;2026-04-14;2026-04-15;2026-04-22;55.45;54.79;-1.190261;2.212452;below;2025+
ENK;5;2026-04-22;2026-04-23;2026-04-30;54.82;56.9;3.794236;-2.901533;above;2025+
ENK;5;2026-04-30;2026-05-04;2026-05-11;58.48;55.0;-5.950752;0.825337;below;2025+
ENK;5;2026-05-11;2026-05-12;2026-05-19;54.57;54.0;-1.04453;-2.729843;above;2025+
ENK;20;2023-12-20;2023-12-21;2024-01-22;31.42;31.14;-0.891152;4.414988;above;2023-2024
ENK;20;2024-04-23;2024-04-24;2024-05-23;35.7;33.0;-7.563025;0.709949;above;2023-2024
ENK;20;2024-06-25;2024-06-26;2024-07-24;34.5;33.6;-2.608696;2.134685;above;2023-2024
ENK;20;2024-12-30;2024-12-31;2025-01-30;33.01;34.0;2.999091;10.636498;above;2023-2024
ENK;20;2025-04-02;2025-04-03;2025-05-02;34.46;35.0;1.567034;1.45118;above;2025+
ENK;20;2025-05-02;2025-05-05;2025-06-02;34.0;33.44;-1.647059;4.335439;above;2025+
ENK;20;2025-08-04;2025-08-05;2025-09-08;34.3;48.94;42.682216;2.373854;above;2025+
ENK;20;2025-09-08;2025-09-09;2025-10-07;48.51;59.5;22.655123;-2.754683;above;2025+
ENK;20;2025-10-07;2025-10-08;2025-11-05;59.0;59.25;0.423729;2.880201;above;2025+
ENK;20;2026-04-09;2026-04-10;2026-05-11;52.0;55.0;5.769231;2.187631;below;2025+
ENK;20;2026-05-11;2026-05-12;2026-06-12;54.57;53.78;-1.447682;-4.38936;above;2025+
ENK;20;2026-06-12;2026-06-15;2026-07-14;53.5;50.98;-4.71028;-5.010603;below;2025+
ENK;60;2024-01-18;2024-01-19;2024-04-17;31.95;36.8;15.179969;5.516739;above;2023-2024
ENK;60;2024-04-17;2024-04-18;2024-07-16;37.4;32.2;-13.903743;0.005128;above;2023-2024
ENK;60;2025-01-16;2025-01-17;2025-04-15;34.4;33.8;-1.744186;6.46115;above;2025+
ENK;60;2026-04-10;2026-04-13;2026-07-13;51.0;51.0;0.0;-2.727012;below;2025+
EQD;5;2023-11-24;2023-11-27;2023-12-04;1100.0;1050.0;-4.545455;-0.977137;above;2023-2024
EQD;5;2024-01-17;2024-01-18;2024-01-25;1130.0;1110.0;-1.769912;0.301186;above;2023-2024
EQD;5;2024-01-25;2024-01-26;2024-02-02;1110.0;1080.0;-2.702703;-1.08766;above;2023-2024
EQD;5;2024-02-12;2024-02-13;2024-02-20;1110.0;1110.0;0.0;1.477759;above;2023-2024
EQD;5;2024-02-20;2024-02-21;2024-02-28;1110.0;1080.0;-2.702703;1.331642;above;2023-2024
EQD;5;2024-03-15;2024-03-18;2024-03-25;1180.0;1160.0;-1.694915;-0.935377;above;2023-2024
EQD;5;2024-03-25;2024-03-26;2024-04-02;1160.0;1140.0;-1.724138;0.88627;above;2023-2024
EQD;5;2024-04-15;2024-04-16;2024-04-23;1196.0;1227.0;2.591973;-0.865642;above;2023-2024
EQD;5;2024-04-23;2024-04-24;2024-05-02;1182.0;1227.0;3.807107;0.313299;above;2023-2024
EQD;5;2024-05-02;2024-05-03;2024-05-10;1161.0;1200.0;3.359173;0.921702;above;2023-2024
EQD;5;2024-06-05;2024-06-06;2024-06-13;1180.0;1145.0;-2.966102;-0.416116;above;2023-2024
EQD;5;2024-07-29;2024-07-31;2024-08-07;1121.0;1121.0;0.0;-1.453699;above;2023-2024
EQD;5;2024-08-28;2024-08-29;2024-09-05;1100.0;1097.0;-0.272727;-0.205668;above;2023-2024
EQD;5;2024-10-03;2024-10-04;2024-10-11;1167.0;1170.0;0.257069;-0.461776;above;2023-2024
EQD;5;2024-10-11;2024-10-14;2024-10-21;1170.0;1084.0;-7.350427;0.224007;above;2023-2024
EQD;5;2025-05-12;2025-05-13;2025-05-20;1058.0;1050.0;-0.756144;-0.047324;above;2025+
EQD;5;2025-06-05;2025-06-06;2025-06-16;1075.0;1160.0;7.906977;-2.067936;above;2025+
EQD;5;2025-06-16;2025-06-17;2025-06-24;1170.0;1075.0;-8.119658;0.805205;above;2025+
EQD;5;2025-07-03;2025-07-04;2025-07-11;1090.0;1101.0;1.009174;1.877352;above;2025+
EQD;5;2025-08-07;2025-08-08;2025-08-18;1300.0;1244.0;-4.307692;-0.371719;above;2025+
EQD;5;2025-08-18;2025-08-19;2025-08-28;1276.0;1255.0;-1.645768;2.643586;above;2025+
EQD;5;2025-08-28;2025-08-29;2025-09-08;1186.0;1369.0;15.430017;-0.071903;above;2025+
EQD;5;2025-09-08;2025-09-09;2025-09-16;1300.0;1348.0;3.692308;0.640429;above;2025+
EQD;5;2025-09-16;2025-09-17;2025-09-24;1348.0;1340.0;-0.593472;0.15863;above;2025+
EQD;5;2025-09-24;2025-09-25;2025-10-02;1305.0;1240.0;-4.980843;-4.992012;above;2025+
EQD;5;2025-12-11;2025-12-12;2025-12-19;1300.0;1290.0;-0.769231;2.002477;above;2025+
EQD;5;2025-12-19;2025-12-22;2025-12-29;1300.0;1310.0;0.769231;-2.931357;above;2025+
EQD;5;2025-12-29;2025-12-30;2026-01-07;1180.0;1379.0;16.864407;4.238708;below;2025+
EQD;5;2026-01-07;2026-01-08;2026-01-16;1386.0;1395.0;0.649351;-0.968678;above;2025+
EQD;5;2026-01-16;2026-01-19;2026-01-26;1397.0;1386.0;-0.787402;-3.277925;above;2025+
EQD;5;2026-01-26;2026-01-27;2026-02-03;1384.0;1298.0;-6.213873;-0.948094;below;2025+
EQD;5;2026-02-11;2026-02-12;2026-02-19;1400.0;1401.0;0.071429;0.488806;below;2025+
EQD;5;2026-02-19;2026-02-20;2026-02-27;1400.0;1430.0;2.142857;-2.997106;below;2025+
EQD;5;2026-02-27;2026-03-02;2026-03-09;1424.0;1336.0;-6.179775;-4.853715;below;2025+
EQD;5;2026-03-27;2026-03-30;2026-04-06;1400.0;1396.0;-0.285714;1.554679;below;2025+
EQD;5;2026-04-06;2026-04-07;2026-04-14;1396.0;1390.0;-0.429799;7.837297;below;2025+
EQD;5;2026-04-14;2026-04-15;2026-04-22;1330.0;1400.0;5.263158;2.212452;below;2025+
EQD;5;2026-04-22;2026-04-23;2026-04-30;1400.0;1340.0;-4.285714;-2.901533;above;2025+
EQD;5;2026-05-19;2026-05-20;2026-06-01;1420.0;1334.0;-6.056338;4.467041;below;2025+
EQD;5;2026-06-09;2026-06-10;2026-06-18;1480.0;1550.0;4.72973;1.186217;below;2025+
EQD;5;2026-06-18;2026-06-19;2026-06-26;1550.0;1550.0;0.0;-1.804636;below;2025+
EQD;5;2026-06-26;2026-06-29;2026-07-06;1550.0;1550.0;0.0;1.926042;below;2025+
EQD;5;2026-07-06;2026-07-07;2026-07-14;1549.0;1549.0;0.0;-2.251157;below;2025+
EQD;5;2026-07-22;2026-07-23;2026-07-31;1539.0;1570.0;2.014295;0.999598;below;2025+
EQD;5;2026-07-31;2026-08-03;2026-08-10;1570.0;1500.0;-4.458599;5.347486;below;2025+
EQD;20;2024-01-22;2024-01-23;2024-02-20;1130.0;1110.0;-1.769912;1.087524;above;2023-2024
EQD;20;2024-02-20;2024-02-21;2024-03-20;1110.0;1150.0;3.603604;0.003318;above;2023-2024
EQD;20;2024-03-20;2024-03-21;2024-04-23;1160.0;1227.0;5.775862;2.073579;above;2023-2024
EQD;20;2024-04-23;2024-04-24;2024-05-23;1182.0;1150.0;-2.707276;0.709949;above;2023-2024
EQD;20;2024-08-28;2024-08-29;2024-09-30;1100.0;1080.0;-1.818182;3.141424;above;2023-2024
EQD;20;2025-07-03;2025-07-04;2025-08-04;1090.0;1175.0;7.798165;4.819019;above;2025+
EQD;20;2025-08-04;2025-08-05;2025-09-08;1235.0;1369.0;10.850202;2.373854;above;2025+
EQD;20;2025-09-08;2025-09-09;2025-10-07;1300.0;1250.0;-3.846154;-2.754683;above;2025+
EQD;20;2025-12-08;2025-12-09;2026-01-07;1277.0;1379.0;7.987471;5.345772;above;2025+
EQD;20;2026-01-07;2026-01-08;2026-02-06;1386.0;1380.0;-0.4329;-5.578009;above;2025+
EQD;20;2026-02-06;2026-02-09;2026-03-09;1380.0;1336.0;-3.188406;-9.844118;below;2025+
EQD;20;2026-04-09;2026-04-10;2026-05-11;1390.0;1340.0;-3.597122;2.187631;below;2025+
EQD;20;2026-06-12;2026-06-15;2026-07-14;1550.0;1549.0;-0.064516;-5.010603;below;2025+
EQD;60;2024-01-18;2024-01-19;2024-04-17;1130.0;1229.0;8.761062;5.516739;above;2023-2024
EQD;60;2024-04-17;2024-04-18;2024-07-16;1227.0;1077.0;-12.224939;0.005128;above;2023-2024
EQD;60;2025-07-14;2025-07-15;2025-10-14;1113.0;1240.0;11.410602;-2.803135;above;2025+
EQD;60;2026-01-12;2026-01-13;2026-04-10;1398.0;1390.0;-0.572246;-4.821718;above;2025+
EQD;60;2026-04-10;2026-04-13;2026-07-13;1390.0;1549.0;11.438849;-2.727012;below;2025+
FNB;5;2024-04-15;2024-04-16;2024-04-23;101.5;121.4;19.605911;-0.865642;above;2023-2024
FNB;5;2024-04-23;2024-04-24;2024-05-02;120.65;113.0;-6.340655;0.313299;above;2023-2024
FNB;5;2024-05-02;2024-05-03;2024-05-10;112.9;110.55;-2.081488;0.921702;above;2023-2024
FNB;5;2024-05-20;2024-05-21;2024-05-28;114.15;109.1;-4.424004;-0.391752;above;2023-2024
FNB;5;2024-08-16;2024-08-19;2024-08-28;119.6;114.0;-4.682274;-0.041612;above;2023-2024
FNB;5;2024-08-28;2024-08-29;2024-09-05;114.0;115.0;0.877193;-0.205668;above;2023-2024
FNB;5;2024-09-05;2024-09-06;2024-09-13;113.0;113.0;0.0;0.629486;above;2023-2024
FNB;5;2024-10-29;2024-10-30;2024-11-07;114.0;112.0;-1.754386;2.153033;above;2023-2024
FNB;5;2024-11-07;2024-11-08;2024-11-15;114.8;115.0;0.174216;1.358706;above;2023-2024
FNB;5;2024-11-15;2024-11-19;2024-11-26;114.0;116.0;1.754386;-1.102039;above;2023-2024
FNB;5;2024-11-26;2024-11-27;2024-12-04;114.1;109.75;-3.812445;-1.016638;above;2023-2024
FNB;5;2025-01-08;2025-01-09;2025-01-17;121.0;135.0;11.570248;1.111537;above;2025+
FNB;5;2025-01-17;2025-01-20;2025-01-27;132.0;128.0;-3.030303;-0.518191;above;2025+
FNB;5;2025-01-27;2025-01-28;2025-02-04;125.0;123.1;-1.52;2.096435;above;2025+
FNB;5;2025-02-20;2025-02-21;2025-02-28;164.5;180.0;9.422492;-0.707949;above;2025+
FNB;5;2025-02-28;2025-03-03;2025-03-10;189.8;212.0;11.696523;-1.243798;above;2025+
FNB;5;2025-03-10;2025-03-11;2025-03-18;214.0;303.0;41.588785;2.201264;above;2025+
FNB;5;2025-03-18;2025-03-19;2025-03-26;290.0;273.5;-5.689655;2.18077;above;2025+
FNB;5;2025-03-26;2025-03-27;2025-04-07;273.0;243.05;-10.970696;-7.565294;above;2025+
FNB;5;2025-04-23;2025-04-24;2025-05-02;282.0;285.0;1.06383;1.210679;above;2025+
FNB;5;2025-05-02;2025-05-05;2025-05-12;283.9;270.0;-4.89609;3.417173;above;2025+
FNB;5;2025-06-05;2025-06-06;2025-06-16;334.8;339.0;1.25448;-2.067936;above;2025+
FNB;5;2025-06-16;2025-06-17;2025-06-24;344.0;334.0;-2.906977;0.805205;above;2025+
FNB;5;2025-06-24;2025-06-25;2025-07-03;343.0;464.0;35.276968;1.003985;above;2025+
FNB;5;2025-07-03;2025-07-04;2025-07-11;437.9;449.0;2.534825;1.877352;above;2025+
FNB;5;2025-07-11;2025-07-14;2025-07-21;443.75;438.0;-1.295775;1.351991;above;2025+
FNB;5;2025-07-21;2025-07-22;2025-07-29;438.8;417.0;-4.968095;1.321397;above;2025+
FNB;5;2025-08-07;2025-08-08;2025-08-18;513.0;534.9;4.269006;-0.371719;above;2025+
FNB;5;2025-08-18;2025-08-19;2025-08-28;522.8;544.7;4.188982;2.643586;above;2025+
FNB;5;2025-08-28;2025-08-29;2025-09-08;490.25;490.0;-0.050994;-0.071903;above;2025+
FNB;5;2026-01-07;2026-01-08;2026-01-16;410.1;395.0;-3.682029;-0.968678;above;2025+
FNB;5;2026-04-22;2026-04-23;2026-04-30;329.0;313.0;-4.863222;-2.901533;above;2025+
FNB;5;2026-08-10;2026-08-11;2026-08-19;365.9;414.0;13.145668;1.543056;above;2025+
FNB;5;2026-08-19;2026-08-24;2026-09-02;413.0;387.9;-6.077482;-3.170803;above;2025+
FNB;5;2026-09-02;2026-09-03;2026-09-22;393.0;343.95;-12.480916;-3.386329;above;2025+
FNB;20;2024-04-23;2024-04-24;2024-05-23;120.65;112.85;-6.464981;0.709949;above;2023-2024
FNB;20;2024-08-28;2024-08-29;2024-09-30;114.0;107.0;-6.140351;3.141424;above;2023-2024
FNB;20;2024-10-29;2024-10-30;2024-11-29;114.0;111.9;-1.842105;4.617721;above;2023-2024
FNB;20;2025-01-30;2025-01-31;2025-02-28;123.2;180.0;46.103896;2.927032;above;2025+
FNB;20;2025-02-28;2025-03-03;2025-04-02;189.8;283.0;49.10432;5.259848;above;2025+
FNB;20;2025-04-02;2025-04-03;2025-05-02;269.75;285.0;5.653383;1.45118;above;2025+
FNB;20;2025-05-02;2025-05-05;2025-06-02;283.9;302.0;6.375484;4.335439;above;2025+
FNB;20;2025-06-02;2025-06-03;2025-07-03;296.0;464.0;56.756757;1.444803;above;2025+
FNB;20;2025-07-03;2025-07-04;2025-08-04;437.9;481.75;10.013702;4.819019;above;2025+
FNB;20;2025-08-04;2025-08-05;2025-09-08;520.0;490.0;-5.769231;2.373854;above;2025+
FNB;20;2026-01-07;2026-01-08;2026-02-06;410.1;384.0;-6.364301;-5.578009;above;2025+
FNB;20;2026-08-13;2026-08-17;2026-09-30;387.0;334.0;-13.69509;-5.846596;above;2025+
FNB;60;2024-04-17;2024-04-18;2024-07-16;118.75;98.0;-17.473684;0.005128;above;2023-2024
FNB;60;2025-01-16;2025-01-17;2025-04-15;135.0;260.0;92.592593;6.46115;above;2025+
FNB;60;2025-07-14;2025-07-15;2025-10-14;425.2;426.8;0.376294;-2.803135;above;2025+
GAZ;5;2023-11-24;2023-11-27;2023-12-04;4248.0;4100.0;-3.483992;-0.977137;above;2023-2024
GAZ;5;2023-12-20;2023-12-21;2023-12-28;4150.0;4000.0;-3.614458;-1.11805;above;2023-2024
GAZ;5;2024-01-17;2024-01-18;2024-01-25;4050.0;4000.0;-1.234568;0.301186;above;2023-2024
GAZ;5;2024-02-12;2024-02-13;2024-02-20;4150.0;4120.0;-0.722892;1.477759;above;2023-2024
GAZ;5;2024-02-20;2024-02-21;2024-02-28;4185.0;4149.0;-0.860215;1.331642;above;2023-2024
GAZ;5;2024-02-28;2024-02-29;2024-03-07;4150.0;4150.0;0.0;-1.194598;above;2023-2024
GAZ;5;2024-03-07;2024-03-08;2024-03-15;4150.0;4150.0;0.0;1.210308;above;2023-2024
GAZ;5;2024-03-15;2024-03-18;2024-03-25;4150.0;4050.0;-2.409639;-0.935377;above;2023-2024
GAZ;5;2024-04-02;2024-04-03;2024-04-15;4166.0;4150.0;-0.384061;2.11738;above;2023-2024
GAZ;5;2024-05-10;2024-05-13;2024-05-20;4200.0;4100.0;-2.380952;-0.716252;above;2023-2024
GAZ;5;2024-06-25;2024-06-26;2024-07-03;4100.0;3900.0;-4.878049;-1.103992;above;2023-2024
GAZ;5;2024-07-11;2024-07-12;2024-07-19;4150.0;4000.0;-3.614458;0.785092;above;2023-2024
GAZ;5;2024-08-07;2024-08-08;2024-08-16;4047.0;4000.0;-1.161354;0.705314;above;2023-2024
GAZ;5;2024-11-15;2024-11-19;2024-11-26;3900.0;3895.0;-0.128205;-1.102039;above;2023-2024
GAZ;5;2024-11-26;2024-11-27;2024-12-04;3895.0;3850.0;-1.155327;-1.016638;above;2023-2024
GAZ;5;2025-01-27;2025-01-28;2025-02-04;3822.0;4200.0;9.89011;2.096435;above;2025+
GAZ;5;2025-02-04;2025-02-05;2025-02-12;4210.0;4521.0;7.387173;1.082031;above;2025+
GAZ;5;2025-02-12;2025-02-13;2025-02-20;4520.0;4800.0;6.19469;3.385325;above;2025+
GAZ;5;2025-02-20;2025-02-21;2025-02-28;4847.0;4366.0;-9.923664;-0.707949;above;2025+
GAZ;5;2025-06-05;2025-06-06;2025-06-16;4200.0;4200.0;0.0;-2.067936;above;2025+
GAZ;5;2025-07-03;2025-07-04;2025-07-11;4200.0;4500.0;7.142857;1.877352;above;2025+
GAZ;5;2025-07-11;2025-07-14;2025-07-21;4500.0;4400.0;-2.222222;1.351991;above;2025+
GAZ;5;2025-07-21;2025-07-22;2025-07-29;4400.0;4400.0;0.0;1.321397;above;2025+
GAZ;5;2025-07-29;2025-07-31;2025-08-07;4379.0;4376.0;-0.068509;0.734102;above;2025+
GAZ;5;2025-08-18;2025-08-19;2025-08-28;4439.0;4450.0;0.247804;2.643586;above;2025+
GAZ;5;2025-08-28;2025-08-29;2025-09-08;4480.0;4450.0;-0.669643;-0.071903;above;2025+
GAZ;5;2025-09-08;2025-09-09;2025-09-16;4300.0;4459.0;3.697674;0.640429;above;2025+
GAZ;5;2025-09-16;2025-09-17;2025-09-24;4459.0;4350.0;-2.444494;0.15863;above;2025+
GAZ;5;2025-12-19;2025-12-22;2025-12-29;4120.0;4005.0;-2.791262;-2.931357;above;2025+
GAZ;5;2026-01-07;2026-01-08;2026-01-16;4150.0;4200.0;1.204819;-0.968678;above;2025+
GAZ;5;2026-01-16;2026-01-19;2026-01-26;4199.0;4060.0;-3.310312;-3.277925;above;2025+
GAZ;5;2026-02-19;2026-02-20;2026-02-27;4165.0;4200.0;0.840336;-2.997106;below;2025+
GAZ;5;2026-02-27;2026-03-02;2026-03-09;4070.0;3798.0;-6.683047;-4.853715;below;2025+
GAZ;5;2026-09-22;2026-09-23;2026-09-30;3630.0;3612.0;-0.495868;-1.705413;below;2025+
GAZ;20;2023-12-20;2023-12-21;2024-01-22;4150.0;4120.0;-0.722892;4.414988;above;2023-2024
GAZ;20;2024-01-22;2024-01-23;2024-02-20;4120.0;4120.0;0.0;1.087524;above;2023-2024
GAZ;20;2024-02-20;2024-02-21;2024-03-20;4185.0;4150.0;-0.83632;0.003318;above;2023-2024
GAZ;20;2024-03-20;2024-03-21;2024-04-23;4050.0;4140.0;2.222222;2.073579;above;2023-2024
GAZ;20;2024-06-25;2024-06-26;2024-07-24;4100.0;3950.0;-3.658537;2.134685;above;2023-2024
GAZ;20;2025-01-30;2025-01-31;2025-02-28;3915.0;4366.0;11.519796;2.927032;above;2025+
GAZ;20;2025-06-02;2025-06-03;2025-07-03;4235.0;4400.0;3.896104;1.444803;above;2025+
GAZ;20;2025-07-03;2025-07-04;2025-08-04;4200.0;4350.0;3.571429;4.819019;above;2025+
GAZ;20;2025-09-08;2025-09-09;2025-10-07;4300.0;4100.0;-4.651163;-2.754683;above;2025+
GAZ;20;2025-12-08;2025-12-09;2026-01-07;4074.0;4150.0;1.865488;5.345772;above;2025+
GAZ;20;2026-01-07;2026-01-08;2026-02-06;4150.0;4099.0;-1.228916;-5.578009;above;2025+
GAZ;20;2026-06-12;2026-06-15;2026-07-14;3800.0;3655.0;-3.815789;-5.010603;below;2025+
GAZ;60;2025-07-14;2025-07-15;2025-10-14;4490.0;4000.0;-10.91314;-2.803135;above;2025+
HAL;5;2024-01-17;2024-01-18;2024-01-25;68.0;68.0;0.0;0.301186;above;2023-2024
HAL;5;2024-01-25;2024-01-26;2024-02-02;67.25;68.0;1.115242;-1.08766;above;2023-2024
HAL;5;2024-02-02;2024-02-05;2024-02-12;68.0;68.0;0.0;1.974271;above;2023-2024
HAL;5;2024-02-12;2024-02-13;2024-02-20;68.2;67.15;-1.539589;1.477759;above;2023-2024
HAL;5;2024-04-15;2024-04-16;2024-04-23;81.5;73.5;-9.815951;-0.865642;above;2023-2024
HAL;5;2024-04-23;2024-04-24;2024-05-02;73.0;77.0;5.479452;0.313299;above;2023-2024
HAL;5;2024-05-02;2024-05-03;2024-05-10;76.94;77.0;0.077983;0.921702;above;2023-2024
HAL;5;2024-05-10;2024-05-13;2024-05-20;77.0;78.0;1.298701;-0.716252;above;2023-2024
HAL;5;2024-05-20;2024-05-21;2024-05-28;77.99;74.98;-3.859469;-0.391752;above;2023-2024
HAL;5;2024-09-13;2024-09-18;2024-09-25;75.99;74.0;-2.618766;1.38181;above;2023-2024
HAL;5;2024-09-25;2024-09-26;2024-10-03;74.0;72.1;-2.567568;-1.500768;above;2023-2024
HAL;5;2025-01-17;2025-01-20;2025-01-27;67.0;67.55;0.820896;-0.518191;above;2025+
HAL;5;2025-01-27;2025-01-28;2025-02-04;66.99;73.01;8.986416;2.096435;above;2025+
HAL;5;2025-02-04;2025-02-05;2025-02-12;73.5;75.0;2.040816;1.082031;above;2025+
HAL;5;2025-02-12;2025-02-13;2025-02-20;75.25;72.9;-3.122924;3.385325;above;2025+
HAL;5;2025-02-20;2025-02-21;2025-02-28;72.0;73.88;2.611111;-0.707949;above;2025+
HAL;5;2025-03-10;2025-03-11;2025-03-18;75.5;74.0;-1.986755;2.201264;above;2025+
HAL;5;2025-03-26;2025-03-27;2025-04-07;74.5;73.99;-0.684564;-7.565294;above;2025+
HAL;5;2025-04-15;2025-04-16;2025-04-23;77.0;76.5;-0.649351;0.582511;above;2025+
HAL;5;2025-04-23;2025-04-24;2025-05-02;77.48;77.0;-0.619515;1.210679;above;2025+
HAL;5;2025-05-02;2025-05-05;2025-05-12;80.0;82.78;3.475;3.417173;above;2025+
HAL;5;2025-05-12;2025-05-13;2025-05-20;82.4;77.0;-6.553398;-0.047324;above;2025+
HAL;5;2025-07-03;2025-07-04;2025-07-11;80.97;81.0;0.037051;1.877352;above;2025+
HAL;5;2025-07-11;2025-07-14;2025-07-21;80.0;80.0;0.0;1.351991;above;2025+
HAL;5;2025-07-21;2025-07-22;2025-07-29;82.0;83.5;1.829268;1.321397;above;2025+
HAL;5;2025-07-29;2025-07-31;2025-08-07;83.5;105.25;26.047904;0.734102;above;2025+
HAL;5;2025-08-07;2025-08-08;2025-08-18;107.0;94.99;-11.224299;-0.371719;above;2025+
HAL;5;2025-08-18;2025-08-19;2025-08-28;94.95;98.0;3.212217;2.643586;above;2025+
HAL;5;2025-08-28;2025-08-29;2025-09-08;95.0;104.5;10.0;-0.071903;above;2025+
HAL;5;2025-09-08;2025-09-09;2025-09-16;98.1;99.6;1.529052;0.640429;above;2025+
HAL;5;2025-09-16;2025-09-17;2025-09-24;100.0;99.99;-0.01;0.15863;above;2025+
HAL;5;2025-09-24;2025-09-25;2025-10-02;98.0;93.8;-4.285714;-4.992012;above;2025+
HAL;5;2025-10-28;2025-10-29;2025-11-05;98.0;95.5;-2.55102;-0.48965;above;2025+
HAL;5;2026-01-16;2026-01-19;2026-01-26;95.75;91.0;-4.960836;-3.277925;above;2025+
HAL;5;2026-06-26;2026-06-29;2026-07-06;72.0;70.0;-2.777778;1.926042;below;2025+
HAL;5;2026-08-10;2026-08-11;2026-08-19;69.0;69.7;1.014493;1.543056;above;2025+
HAL;5;2026-08-19;2026-08-24;2026-09-02;69.0;67.7;-1.884058;-3.170803;above;2025+
HAL;20;2024-01-22;2024-01-23;2024-02-20;67.5;67.15;-0.518519;1.087524;above;2023-2024
HAL;20;2024-04-23;2024-04-24;2024-05-23;73.0;76.0;4.109589;0.709949;above;2023-2024
HAL;20;2024-09-30;2024-10-01;2024-10-29;72.99;68.0;-6.836553;0.326447;above;2023-2024
HAL;20;2025-01-30;2025-01-31;2025-02-28;67.9;73.88;8.807069;2.927032;above;2025+
HAL;20;2025-05-02;2025-05-05;2025-06-02;80.0;77.99;-2.5125;4.335439;above;2025+
HAL;20;2025-07-03;2025-07-04;2025-08-04;80.97;83.8;3.495122;4.819019;above;2025+
HAL;20;2025-08-04;2025-08-05;2025-09-08;87.0;104.5;20.114943;2.373854;above;2025+
HAL;20;2025-09-08;2025-09-09;2025-10-07;98.1;96.99;-1.131498;-2.754683;above;2025+
HAL;20;2026-08-13;2026-08-17;2026-09-30;69.8;62.5;-10.458453;-5.846596;above;2025+
HAL;60;2024-01-18;2024-01-19;2024-04-17;68.2;80.0;17.302053;5.516739;above;2023-2024
HAL;60;2024-04-17;2024-04-18;2024-07-16;78.0;69.85;-10.448718;0.005128;above;2023-2024
HAL;60;2025-01-16;2025-01-17;2025-04-15;66.8;77.0;15.269461;6.46115;above;2025+
HAL;60;2025-04-15;2025-04-16;2025-07-14;77.0;80.0;3.896104;10.488766;above;2025+
HAL;60;2025-07-14;2025-07-15;2025-10-14;80.0;95.0;18.75;-2.803135;above;2025+
HAL;60;2026-01-12;2026-01-13;2026-04-10;95.9;79.2;-17.413973;-4.821718;above;2025+
HPS;5;2023-12-20;2023-12-21;2023-12-28;621.9;624.0;0.337675;-1.11805;above;2023-2024
HPS;5;2023-12-28;2023-12-29;2024-01-08;622.0;624.6;0.418006;2.390994;above;2023-2024
HPS;5;2024-01-08;2024-01-09;2024-01-17;623.9;615.0;-1.426511;1.266745;above;2023-2024
HPS;5;2024-02-02;2024-02-05;2024-02-12;619.0;610.9;-1.308562;1.974271;above;2023-2024
HPS;5;2024-08-16;2024-08-19;2024-08-28;530.0;580.0;9.433962;-0.041612;above;2023-2024
HPS;5;2024-08-28;2024-08-29;2024-09-05;585.0;580.0;-0.854701;-0.205668;above;2023-2024
HPS;5;2024-09-05;2024-09-06;2024-09-13;579.0;579.0;0.0;0.629486;above;2023-2024
HPS;5;2024-09-13;2024-09-18;2024-09-25;574.0;579.0;0.87108;1.38181;above;2023-2024
HPS;5;2024-09-25;2024-09-26;2024-10-03;577.0;575.0;-0.34662;-1.500768;above;2023-2024
HPS;5;2024-10-03;2024-10-04;2024-10-11;590.0;576.1;-2.355932;-0.461776;above;2023-2024
HPS;5;2024-10-11;2024-10-14;2024-10-21;572.0;575.0;0.524476;0.224007;above;2023-2024
HPS;5;2024-12-20;2024-12-23;2024-12-30;573.0;580.0;1.22164;-0.008288;above;2023-2024
HPS;5;2024-12-30;2024-12-31;2025-01-08;607.0;640.0;5.436573;6.433952;above;2023-2024
HPS;5;2025-01-08;2025-01-09;2025-01-17;666.2;670.0;0.570399;1.111537;above;2025+
HPS;5;2025-01-17;2025-01-20;2025-01-27;671.0;659.0;-1.788376;-0.518191;above;2025+
HPS;5;2025-01-27;2025-01-28;2025-02-04;660.0;655.0;-0.757576;2.096435;above;2025+
HPS;5;2025-06-24;2025-06-25;2025-07-03;585.0;589.5;0.769231;1.003985;above;2025+
HPS;5;2025-07-03;2025-07-04;2025-07-11;600.0;605.0;0.833333;1.877352;above;2025+
HPS;5;2025-07-11;2025-07-14;2025-07-21;602.0;591.0;-1.827243;1.351991;above;2025+
HPS;5;2025-07-21;2025-07-22;2025-07-29;590.0;588.0;-0.338983;1.321397;above;2025+
HPS;5;2025-08-28;2025-08-29;2025-09-08;585.0;580.0;-0.854701;-0.071903;above;2025+
HPS;5;2025-11-05;2025-11-07;2025-11-14;545.0;524.0;-3.853211;-3.232598;above;2025+
HPS;5;2025-12-11;2025-12-12;2025-12-19;566.0;570.0;0.706714;2.002477;above;2025+
HPS;5;2025-12-19;2025-12-22;2025-12-29;563.0;550.0;-2.309059;-2.931357;above;2025+
HPS;5;2025-12-29;2025-12-30;2026-01-07;549.0;582.9;6.174863;4.238708;below;2025+
HPS;5;2026-01-07;2026-01-08;2026-01-16;579.0;566.0;-2.24525;-0.968678;above;2025+
HPS;5;2026-01-16;2026-01-19;2026-01-26;560.0;520.0;-7.142857;-3.277925;above;2025+
HPS;5;2026-03-27;2026-03-30;2026-04-06;540.0;525.0;-2.777778;1.554679;below;2025+
HPS;5;2026-04-06;2026-04-07;2026-04-14;510.0;555.0;8.823529;7.837297;below;2025+
HPS;5;2026-04-14;2026-04-15;2026-04-22;575.0;655.0;13.913043;2.212452;below;2025+
HPS;5;2026-04-22;2026-04-23;2026-04-30;650.0;614.9;-5.4;-2.901533;above;2025+
HPS;5;2026-04-30;2026-05-04;2026-05-11;614.0;635.0;3.420195;0.825337;below;2025+
HPS;5;2026-05-11;2026-05-12;2026-05-19;638.8;620.0;-2.943018;-2.729843;above;2025+
HPS;20;2023-12-20;2023-12-21;2024-01-22;621.9;619.9;-0.321595;4.414988;above;2023-2024
HPS;20;2024-08-28;2024-08-29;2024-09-30;585.0;546.1;-6.649573;3.141424;above;2023-2024
HPS;20;2024-12-30;2024-12-31;2025-01-30;607.0;691.0;13.83855;10.636498;above;2023-2024
HPS;20;2025-01-30;2025-01-31;2025-02-28;679.0;634.8;-6.509573;2.927032;above;2025+
HPS;20;2025-07-03;2025-07-04;2025-08-04;600.0;599.5;-0.083333;4.819019;above;2025+
HPS;20;2025-08-04;2025-08-05;2025-09-08;597.5;580.0;-2.92887;2.373854;above;2025+
HPS;20;2025-11-05;2025-11-07;2025-12-08;545.0;535.0;-1.834862;-4.125615;above;2025+
HPS;20;2025-12-08;2025-12-09;2026-01-07;540.0;582.9;7.944444;5.345772;above;2025+
HPS;20;2026-01-07;2026-01-08;2026-02-06;579.0;520.0;-10.189983;-5.578009;above;2025+
HPS;20;2026-04-09;2026-04-10;2026-05-11;545.0;635.0;16.513761;2.187631;below;2025+
HPS;60;2024-10-17;2024-10-18;2025-01-16;585.0;675.0;15.384615;14.206527;above;2023-2024
HPS;60;2025-01-16;2025-01-17;2025-04-15;670.0;587.0;-12.38806;6.46115;above;2025+
HPS;60;2025-07-14;2025-07-15;2025-10-14;592.0;507.0;-14.358108;-2.803135;above;2025+
HPS;60;2026-01-12;2026-01-13;2026-04-10;585.0;545.0;-6.837607;-4.821718;above;2025+
IAM;5;2023-12-12;2023-12-13;2023-12-20;102.8;100.5;-2.237354;1.08122;above;2023-2024
IAM;5;2023-12-20;2023-12-21;2023-12-28;101.0;99.0;-1.980198;-1.11805;above;2023-2024
IAM;5;2023-12-28;2023-12-29;2024-01-08;100.0;101.0;1.0;2.390994;above;2023-2024
IAM;5;2024-01-08;2024-01-09;2024-01-17;101.95;103.4;1.422266;1.266745;above;2023-2024
IAM;5;2024-01-17;2024-01-18;2024-01-25;103.0;104.25;1.213592;0.301186;above;2023-2024
IAM;5;2024-01-25;2024-01-26;2024-02-02;104.0;93.0;-10.576923;-1.08766;above;2023-2024
IAM;5;2024-02-20;2024-02-21;2024-02-28;100.0;102.5;2.5;1.331642;above;2023-2024
IAM;5;2024-02-28;2024-02-29;2024-03-07;104.0;102.45;-1.490385;-1.194598;above;2023-2024
IAM;5;2024-03-07;2024-03-08;2024-03-15;102.05;102.5;0.44096;1.210308;above;2023-2024
IAM;5;2024-03-15;2024-03-18;2024-03-25;103.0;100.8;-2.135922;-0.935377;above;2023-2024
IAM;5;2024-07-11;2024-07-12;2024-07-19;92.45;90.6;-2.001082;0.785092;above;2023-2024
IAM;5;2024-08-16;2024-08-19;2024-08-28;92.11;96.0;4.223211;-0.041612;above;2023-2024
IAM;5;2024-08-28;2024-08-29;2024-09-05;96.0;89.69;-6.572917;-0.205668;above;2023-2024
IAM;5;2024-09-25;2024-09-26;2024-10-03;94.9;92.9;-2.107482;-1.500768;above;2023-2024
IAM;5;2024-10-03;2024-10-04;2024-10-11;92.7;91.41;-1.391586;-0.461776;above;2023-2024
IAM;5;2025-01-08;2025-01-09;2025-01-17;87.2;92.49;6.066514;1.111537;above;2025+
IAM;5;2025-01-17;2025-01-20;2025-01-27;91.0;91.99;1.087912;-0.518191;above;2025+
IAM;5;2025-01-27;2025-01-28;2025-02-04;93.1;103.2;10.84855;2.096435;above;2025+
IAM;5;2025-02-04;2025-02-05;2025-02-12;101.9;106.9;4.906771;1.082031;above;2025+
IAM;5;2025-02-12;2025-02-13;2025-02-20;106.95;104.0;-2.758298;3.385325;above;2025+
IAM;5;2025-02-20;2025-02-21;2025-02-28;102.0;114.0;11.764706;-0.707949;above;2025+
IAM;5;2025-02-28;2025-03-03;2025-03-10;113.0;108.85;-3.672566;-1.243798;above;2025+
IAM;5;2025-03-10;2025-03-11;2025-03-18;107.15;110.4;3.033131;2.201264;above;2025+
IAM;5;2025-03-18;2025-03-19;2025-03-26;112.2;113.55;1.203209;2.18077;above;2025+
IAM;5;2025-03-26;2025-03-27;2025-04-07;113.55;107.0;-5.768384;-7.565294;above;2025+
IAM;5;2025-04-15;2025-04-16;2025-04-23;114.9;116.5;1.392515;0.582511;above;2025+
IAM;5;2025-04-23;2025-04-24;2025-05-02;117.0;114.15;-2.435897;1.210679;above;2025+
IAM;5;2025-05-02;2025-05-05;2025-05-12;113.8;114.8;0.878735;3.417173;above;2025+
IAM;5;2025-05-12;2025-05-13;2025-05-20;113.8;112.0;-1.581722;-0.047324;above;2025+
IAM;5;2025-07-03;2025-07-04;2025-07-11;115.0;118.0;2.608696;1.877352;above;2025+
IAM;5;2025-07-11;2025-07-14;2025-07-21;118.0;120.0;1.694915;1.351991;above;2025+
IAM;5;2025-07-21;2025-07-22;2025-07-29;121.85;122.1;0.20517;1.321397;above;2025+
IAM;5;2025-07-29;2025-07-31;2025-08-07;122.5;123.15;0.530612;0.734102;above;2025+
IAM;5;2025-08-07;2025-08-08;2025-08-18;123.0;120.0;-2.439024;-0.371719;above;2025+
IAM;5;2025-08-28;2025-08-29;2025-09-08;123.9;125.0;0.887813;-0.071903;above;2025+
IAM;5;2025-09-08;2025-09-09;2025-09-16;122.0;120.0;-1.639344;0.640429;above;2025+
IAM;5;2026-01-07;2026-01-08;2026-01-16;112.8;111.05;-1.551418;-0.968678;above;2025+
IAM;5;2026-07-31;2026-08-03;2026-08-10;93.9;99.85;6.336528;5.347486;below;2025+
IAM;5;2026-08-10;2026-08-11;2026-08-19;98.51;101.1;2.629175;1.543056;above;2025+
IAM;5;2026-08-19;2026-08-24;2026-09-02;103.0;99.71;-3.194175;-3.170803;above;2025+
IAM;5;2026-09-02;2026-09-03;2026-09-22;100.0;96.2;-3.8;-3.386329;above;2025+
IAM;20;2023-12-20;2023-12-21;2024-01-22;101.0;105.25;4.207921;4.414988;above;2023-2024
IAM;20;2024-01-22;2024-01-23;2024-02-20;105.0;100.1;-4.666667;1.087524;above;2023-2024
IAM;20;2024-02-20;2024-02-21;2024-03-20;100.0;101.65;1.65;0.003318;above;2023-2024
IAM;20;2024-08-28;2024-08-29;2024-09-30;96.0;94.0;-2.083333;3.141424;above;2023-2024
IAM;20;2024-09-30;2024-10-01;2024-10-29;93.04;89.45;-3.858555;0.326447;above;2023-2024
IAM;20;2025-01-30;2025-01-31;2025-02-28;106.3;114.0;7.24365;2.927032;above;2025+
IAM;20;2025-02-28;2025-03-03;2025-04-02;113.0;120.0;6.19469;5.259848;above;2025+
IAM;20;2025-04-02;2025-04-03;2025-05-02;116.35;114.15;-1.890847;1.45118;above;2025+
IAM;20;2025-05-02;2025-05-05;2025-06-02;113.8;110.8;-2.636204;4.335439;above;2025+
IAM;20;2025-07-03;2025-07-04;2025-08-04;115.0;122.5;6.521739;4.819019;above;2025+
IAM;20;2025-08-04;2025-08-05;2025-09-08;122.0;125.0;2.459016;2.373854;above;2025+
IAM;20;2025-09-08;2025-09-09;2025-10-07;122.0;117.05;-4.057377;-2.754683;above;2025+
IAM;20;2026-01-07;2026-01-08;2026-02-06;112.8;106.85;-5.274823;-5.578009;above;2025+
IAM;20;2026-08-13;2026-08-17;2026-09-30;98.61;95.5;-3.153838;-5.846596;above;2025+
IAM;60;2024-01-18;2024-01-19;2024-04-17;103.0;95.95;-6.84466;5.516739;above;2023-2024
IAM;60;2025-01-16;2025-01-17;2025-04-15;92.49;114.0;23.256568;6.46115;above;2025+
IAM;60;2025-04-15;2025-04-16;2025-07-14;114.9;118.0;2.697998;10.488766;above;2025+
IAM;60;2025-07-14;2025-07-15;2025-10-14;117.45;113.0;-3.788846;-2.803135;above;2025+
IAM;60;2026-01-12;2026-01-13;2026-04-10;112.6;96.0;-14.742451;-4.821718;above;2025+
IMI;5;2026-09-22;2026-09-23;2026-09-30;92.5;90.97;-1.654054;-1.705413;below;2025+
INV;5;2023-11-08;2023-11-09;2023-11-16;93.0;88.0;-5.376344;0.192435;above;2023-2024
INV;5;2024-02-12;2024-02-13;2024-02-20;87.5;87.5;0.0;1.477759;above;2023-2024
INV;5;2024-02-20;2024-02-21;2024-02-28;87.5;88.4;1.028571;1.331642;above;2023-2024
INV;5;2024-02-28;2024-02-29;2024-03-07;88.4;88.44;0.045249;-1.194598;above;2023-2024
INV;5;2024-03-07;2024-03-08;2024-03-15;88.11;86.95;-1.316536;1.210308;above;2023-2024
INV;5;2024-04-23;2024-04-24;2024-05-02;90.0;93.0;3.333333;0.313299;above;2023-2024
INV;5;2024-05-02;2024-05-03;2024-05-10;93.0;94.0;1.075269;0.921702;above;2023-2024
INV;5;2024-05-10;2024-05-13;2024-05-20;93.0;89.44;-3.827957;-0.716252;above;2023-2024
INV;5;2024-07-11;2024-07-12;2024-07-19;88.0;85.5;-2.840909;0.785092;above;2023-2024
INV;5;2024-08-07;2024-08-08;2024-08-16;88.24;86.0;-2.538531;0.705314;above;2023-2024
INV;5;2024-08-28;2024-08-29;2024-09-05;103.15;103.95;0.77557;-0.205668;above;2023-2024
INV;5;2024-09-05;2024-09-06;2024-09-13;101.9;101.05;-0.834151;0.629486;above;2023-2024
INV;5;2024-11-26;2024-11-27;2024-12-04;102.0;99.6;-2.352941;-1.016638;above;2023-2024
INV;5;2024-12-30;2024-12-31;2025-01-08;96.23;101.8;5.788216;6.433952;above;2023-2024
INV;5;2025-01-08;2025-01-09;2025-01-17;99.0;100.0;1.010101;1.111537;above;2025+
INV;5;2025-01-17;2025-01-20;2025-01-27;101.9;100.0;-1.864573;-0.518191;above;2025+
INV;5;2025-02-04;2025-02-05;2025-02-12;102.0;100.0;-1.960784;1.082031;above;2025+
INV;5;2025-03-18;2025-03-19;2025-03-26;102.0;98.0;-3.921569;2.18077;above;2025+
INV;5;2025-05-12;2025-05-13;2025-05-20;97.0;96.51;-0.505155;-0.047324;above;2025+
INV;5;2025-05-28;2025-05-29;2025-06-05;96.51;96.5;-0.010362;4.293588;above;2025+
INV;5;2025-06-24;2025-06-25;2025-07-03;174.15;229.45;31.754235;1.003985;above;2025+
INV;5;2025-07-03;2025-07-04;2025-07-11;206.55;174.0;-15.758896;1.877352;above;2025+
INV;5;2025-07-11;2025-07-14;2025-07-21;167.0;160.05;-4.161677;1.351991;above;2025+
INV;5;2025-08-07;2025-08-08;2025-08-18;172.0;166.0;-3.488372;-0.371719;above;2025+
INV;5;2025-08-18;2025-08-19;2025-08-28;167.0;170.0;1.796407;2.643586;above;2025+
INV;5;2025-08-28;2025-08-29;2025-09-08;163.95;150.0;-8.508692;-0.071903;above;2025+
INV;5;2025-10-28;2025-10-29;2025-11-05;213.35;245.0;14.834779;-0.48965;above;2025+
INV;5;2025-11-05;2025-11-07;2025-11-14;235.2;229.95;-2.232143;-3.232598;above;2025+
INV;5;2025-11-14;2025-11-17;2025-11-25;229.5;237.4;3.442266;-0.613156;above;2025+
INV;5;2025-11-25;2025-11-26;2025-12-03;238.0;229.75;-3.466387;-0.882788;above;2025+
INV;5;2026-08-10;2026-08-11;2026-08-19;133.05;132.0;-0.789177;1.543056;above;2025+
INV;5;2026-09-02;2026-09-03;2026-09-22;128.0;130.0;1.5625;-3.386329;above;2025+
INV;20;2024-02-20;2024-02-21;2024-03-20;87.5;86.0;-1.714286;0.003318;above;2023-2024
INV;20;2024-04-23;2024-04-24;2024-05-23;90.0;88.29;-1.9;0.709949;above;2023-2024
INV;20;2024-07-24;2024-07-25;2024-08-28;86.99;106.0;21.853087;1.814628;above;2023-2024
INV;20;2024-08-28;2024-08-29;2024-09-30;103.15;101.95;-1.163354;3.141424;above;2023-2024
INV;20;2024-12-30;2024-12-31;2025-01-30;96.23;102.0;5.996051;10.636498;above;2023-2024
INV;20;2025-01-30;2025-01-31;2025-02-28;101.5;99.0;-2.463054;2.927032;above;2025+
INV;20;2025-04-02;2025-04-03;2025-05-02;100.0;98.1;-1.9;1.45118;above;2025+
INV;20;2025-07-03;2025-07-04;2025-08-04;206.55;174.85;-15.347374;4.819019;above;2025+
INV;20;2025-08-04;2025-08-05;2025-09-08;175.0;150.0;-14.285714;2.373854;above;2025+
INV;20;2025-11-05;2025-11-07;2025-12-08;235.2;215.0;-8.588435;-4.125615;above;2025+
INV;60;2024-04-17;2024-04-18;2024-07-16;92.0;85.0;-7.608696;0.005128;above;2023-2024
JET;5;2023-10-20;2023-10-23;2023-10-30;251.5;250.0;-0.596421;-2.602436;above;2023-2024
JET;5;2023-11-24;2023-11-27;2023-12-04;250.0;244.4;-2.24;-0.977137;above;2023-2024
JET;5;2023-12-20;2023-12-21;2023-12-28;250.0;257.0;2.8;-1.11805;above;2023-2024
JET;5;2023-12-28;2023-12-29;2024-01-08;255.0;258.5;1.372549;2.390994;above;2023-2024
JET;5;2024-01-08;2024-01-09;2024-01-17;265.0;311.1;17.396226;1.266745;above;2023-2024
JET;5;2024-01-17;2024-01-18;2024-01-25;321.7;317.0;-1.460988;0.301186;above;2023-2024
JET;5;2024-01-25;2024-01-26;2024-02-02;320.0;319.9;-0.03125;-1.08766;above;2023-2024
JET;5;2024-02-02;2024-02-05;2024-02-12;319.0;347.0;8.777429;1.974271;above;2023-2024
JET;5;2024-02-12;2024-02-13;2024-02-20;355.0;341.05;-3.929577;1.477759;above;2023-2024
JET;5;2024-02-20;2024-02-21;2024-02-28;357.0;375.0;5.042017;1.331642;above;2023-2024
JET;5;2024-02-28;2024-02-29;2024-03-07;370.0;375.0;1.351351;-1.194598;above;2023-2024
JET;5;2024-03-07;2024-03-08;2024-03-15;370.0;370.0;0.0;1.210308;above;2023-2024
JET;5;2024-03-15;2024-03-18;2024-03-25;379.8;373.0;-1.790416;-0.935377;above;2023-2024
JET;5;2024-04-02;2024-04-03;2024-04-15;475.1;530.0;11.555462;2.11738;above;2023-2024
JET;5;2024-04-15;2024-04-16;2024-04-23;532.0;540.0;1.503759;-0.865642;above;2023-2024
JET;5;2024-04-23;2024-04-24;2024-05-02;550.0;630.0;14.545455;0.313299;above;2023-2024
JET;5;2024-05-02;2024-05-03;2024-05-10;609.0;603.0;-0.985222;0.921702;above;2023-2024
JET;5;2024-05-10;2024-05-13;2024-05-20;612.0;594.0;-2.941176;-0.716252;above;2023-2024
JET;5;2024-05-20;2024-05-21;2024-05-28;588.4;575.0;-2.277362;-0.391752;above;2023-2024
JET;5;2024-06-13;2024-06-14;2024-06-25;577.9;574.0;-0.674857;1.881824;above;2023-2024
JET;5;2024-06-25;2024-06-26;2024-07-03;573.0;565.0;-1.396161;-1.103992;above;2023-2024
JET;5;2024-07-11;2024-07-12;2024-07-19;590.0;615.0;4.237288;0.785092;above;2023-2024
JET;5;2024-07-19;2024-07-22;2024-07-29;615.0;637.0;3.577236;2.172993;above;2023-2024
JET;5;2024-07-29;2024-07-31;2024-08-07;633.0;610.0;-3.633491;-1.453699;above;2023-2024
JET;5;2024-08-16;2024-08-19;2024-08-28;634.0;670.0;5.678233;-0.041612;above;2023-2024
JET;5;2024-08-28;2024-08-29;2024-09-05;735.0;808.9;10.054422;-0.205668;above;2023-2024
JET;5;2024-09-05;2024-09-06;2024-09-13;837.0;866.0;3.464755;0.629486;above;2023-2024
JET;5;2024-09-13;2024-09-18;2024-09-25;868.0;873.1;0.587558;1.38181;above;2023-2024
JET;5;2024-09-25;2024-09-26;2024-10-03;930.0;1060.0;13.978495;-1.500768;above;2023-2024
JET;5;2024-10-03;2024-10-04;2024-10-11;1165.0;1149.0;-1.373391;-0.461776;above;2023-2024
JET;5;2024-10-11;2024-10-14;2024-10-21;1100.0;1394.0;26.727273;0.224007;above;2023-2024
JET;5;2024-10-21;2024-10-22;2024-10-29;1445.0;1570.0;8.650519;1.153404;above;2023-2024
JET;5;2024-10-29;2024-10-30;2024-11-07;1550.0;1555.0;0.322581;2.153033;above;2023-2024
JET;5;2024-11-07;2024-11-08;2024-11-15;1655.0;1670.0;0.906344;1.358706;above;2023-2024
JET;5;2024-11-15;2024-11-19;2024-11-26;1670.0;1580.0;-5.389222;-1.102039;above;2023-2024
JET;5;2024-12-12;2024-12-13;2024-12-20;1620.0;1800.0;11.111111;0.11316;above;2023-2024
JET;5;2024-12-20;2024-12-23;2024-12-30;1860.0;1810.0;-2.688172;-0.008288;above;2023-2024
JET;5;2024-12-30;2024-12-31;2025-01-08;1890.0;2180.0;15.343915;6.433952;above;2023-2024
JET;5;2025-01-08;2025-01-09;2025-01-17;2200.0;2231.0;1.409091;1.111537;above;2025+
JET;5;2025-01-17;2025-01-20;2025-01-27;2215.0;2228.0;0.586907;-0.518191;above;2025+
JET;5;2025-01-27;2025-01-28;2025-02-04;2202.0;2249.0;2.134423;2.096435;above;2025+
JET;5;2025-02-04;2025-02-05;2025-02-12;2240.0;2284.0;1.964286;1.082031;above;2025+
JET;5;2025-02-12;2025-02-13;2025-02-20;2280.0;2690.0;17.982456;3.385325;above;2025+
JET;5;2025-02-20;2025-02-21;2025-02-28;2625.0;2500.0;-4.761905;-0.707949;above;2025+
JET;5;2025-02-28;2025-03-03;2025-03-10;2500.0;2479.0;-0.84;-1.243798;above;2025+
JET;5;2025-03-18;2025-03-19;2025-03-26;2690.0;2610.0;-2.973978;2.18077;above;2025+
JET;5;2025-03-26;2025-03-27;2025-04-07;2350.0;2044.0;-13.021277;-7.565294;above;2025+
JET;5;2025-05-20;2025-05-21;2025-05-28;2410.0;2149.0;-10.829876;-0.160827;above;2025+
JET;5;2025-07-21;2025-07-22;2025-07-29;2165.0;2099.0;-3.048499;1.321397;above;2025+
JET;5;2025-08-07;2025-08-08;2025-08-18;2265.0;2435.0;7.505519;-0.371719;above;2025+
JET;5;2025-08-18;2025-08-19;2025-08-28;2361.0;2381.0;0.847099;2.643586;above;2025+
JET;5;2025-08-28;2025-08-29;2025-09-08;2370.0;2540.0;7.172996;-0.071903;above;2025+
JET;5;2025-09-08;2025-09-09;2025-09-16;2445.0;2521.0;3.108384;0.640429;above;2025+
JET;5;2025-09-16;2025-09-17;2025-09-24;2501.0;2480.0;-0.839664;0.15863;above;2025+
JET;5;2025-10-10;2025-10-13;2025-10-20;2440.0;2469.0;1.188525;1.402054;above;2025+
JET;5;2025-10-20;2025-10-21;2025-10-28;2570.0;2529.0;-1.595331;0.365781;above;2025+
JET;5;2025-10-28;2025-10-29;2025-11-05;2567.0;2631.0;2.493183;-0.48965;above;2025+
JET;5;2025-11-05;2025-11-07;2025-11-14;2629.0;2550.0;-3.004945;-3.232598;above;2025+
JET;5;2025-12-11;2025-12-12;2025-12-19;2590.0;2701.0;4.285714;2.002477;above;2025+
JET;5;2025-12-19;2025-12-22;2025-12-29;2700.0;2700.0;0.0;-2.931357;above;2025+
JET;5;2025-12-29;2025-12-30;2026-01-07;2680.0;2830.0;5.597015;4.238708;below;2025+
JET;5;2026-01-07;2026-01-08;2026-01-16;2818.0;2699.0;-4.222853;-0.968678;above;2025+
JET;5;2026-02-19;2026-02-20;2026-02-27;2727.0;2600.0;-4.657132;-2.997106;below;2025+
JET;5;2026-04-22;2026-04-23;2026-04-30;2397.0;2354.0;-1.793909;-2.901533;above;2025+
JET;5;2026-04-30;2026-05-04;2026-05-11;2354.0;2345.0;-0.382328;0.825337;below;2025+
JET;5;2026-08-10;2026-08-11;2026-08-19;2160.0;2125.0;-1.62037;1.543056;above;2025+
JET;20;2023-10-20;2023-10-23;2023-11-21;251.5;250.0;-0.596421;-2.183112;above;2023-2024
JET;20;2023-11-21;2023-11-22;2023-12-20;250.0;253.0;1.2;2.05255;above;2023-2024
JET;20;2023-12-20;2023-12-21;2024-01-22;250.0;317.45;26.98;4.414988;above;2023-2024
JET;20;2024-01-22;2024-01-23;2024-02-20;316.9;341.05;7.620701;1.087524;above;2023-2024
JET;20;2024-02-20;2024-02-21;2024-03-20;357.0;374.9;5.014006;0.003318;above;2023-2024
JET;20;2024-03-20;2024-03-21;2024-04-23;374.0;540.0;44.385027;2.073579;above;2023-2024
JET;20;2024-04-23;2024-04-24;2024-05-23;550.0;580.0;5.454545;0.709949;above;2023-2024
JET;20;2024-06-25;2024-06-26;2024-07-24;573.0;627.0;9.424084;2.134685;above;2023-2024
JET;20;2024-07-24;2024-07-25;2024-08-28;625.5;670.0;7.114309;1.814628;above;2023-2024
JET;20;2024-08-28;2024-08-29;2024-09-30;735.0;980.0;33.333333;3.141424;above;2023-2024
JET;20;2024-09-30;2024-10-01;2024-10-29;990.1;1570.0;58.569841;0.326447;above;2023-2024
JET;20;2024-10-29;2024-10-30;2024-11-29;1550.0;1580.0;1.935484;4.617721;above;2023-2024
JET;20;2024-12-30;2024-12-31;2025-01-30;1890.0;2230.0;17.989418;10.636498;above;2023-2024
JET;20;2025-01-30;2025-01-31;2025-02-28;2242.0;2500.0;11.507583;2.927032;above;2025+
JET;20;2025-02-28;2025-03-03;2025-04-02;2500.0;2360.0;-5.6;5.259848;above;2025+
JET;20;2025-08-04;2025-08-05;2025-09-08;2238.0;2540.0;13.494191;2.373854;above;2025+
JET;20;2025-09-08;2025-09-09;2025-10-07;2445.0;2460.0;0.613497;-2.754683;above;2025+
JET;20;2025-11-05;2025-11-07;2025-12-08;2629.0;2540.0;-3.385318;-4.125615;above;2025+
JET;20;2025-12-08;2025-12-09;2026-01-07;2534.0;2830.0;11.681137;5.345772;above;2025+
JET;20;2026-01-07;2026-01-08;2026-02-06;2818.0;2600.0;-7.735983;-5.578009;above;2025+
JET;20;2026-08-13;2026-08-17;2026-09-30;2190.0;1900.0;-13.242009;-5.846596;above;2025+
JET;60;2023-10-20;2023-10-23;2024-01-18;251.5;321.7;27.912525;3.292678;above;2023-2024
JET;60;2024-01-18;2024-01-19;2024-04-17;320.0;517.5;61.71875;5.516739;above;2023-2024
JET;60;2024-04-17;2024-04-18;2024-07-16;538.0;609.0;13.197026;0.005128;above;2023-2024
JET;60;2024-07-16;2024-07-17;2024-10-17;613.0;1160.0;89.233279;3.973828;above;2023-2024
JET;60;2024-10-17;2024-10-18;2025-01-16;1268.0;2280.0;79.810726;14.206527;above;2023-2024
JET;60;2025-01-16;2025-01-17;2025-04-15;2231.0;2100.0;-5.871806;6.46115;above;2025+
JET;60;2026-01-12;2026-01-13;2026-04-10;2721.0;2278.0;-16.280779;-4.821718;above;2025+
LBV;5;2024-01-17;2024-01-18;2024-01-25;4300.0;4370.0;1.627907;0.301186;above;2023-2024
LBV;5;2024-01-25;2024-01-26;2024-02-02;4371.0;4280.0;-2.081903;-1.08766;above;2023-2024
LBV;5;2024-02-02;2024-02-05;2024-02-12;4252.0;4340.0;2.069614;1.974271;above;2023-2024
LBV;5;2024-02-12;2024-02-13;2024-02-20;4300.0;4250.0;-1.162791;1.477759;above;2023-2024
LBV;5;2024-02-28;2024-02-29;2024-03-07;4345.0;4275.0;-1.611047;-1.194598;above;2023-2024
LBV;5;2024-03-15;2024-03-18;2024-03-25;4700.0;4640.0;-1.276596;-0.935377;above;2023-2024
LBV;5;2024-03-25;2024-03-26;2024-04-02;4550.0;4500.0;-1.098901;0.88627;above;2023-2024
LBV;5;2024-05-10;2024-05-13;2024-05-20;4599.0;4400.0;-4.327028;-0.716252;above;2023-2024
LBV;5;2024-07-11;2024-07-12;2024-07-19;4300.0;4446.0;3.395349;0.785092;above;2023-2024
LBV;5;2024-07-19;2024-07-22;2024-07-29;4400.0;4480.0;1.818182;2.172993;above;2023-2024
LBV;5;2024-07-29;2024-07-31;2024-08-07;4550.0;4500.0;-1.098901;-1.453699;above;2023-2024
LBV;5;2024-08-07;2024-08-08;2024-08-16;4599.0;4500.0;-2.152642;0.705314;above;2023-2024
LBV;5;2025-01-17;2025-01-20;2025-01-27;4360.0;4295.0;-1.490826;-0.518191;above;2025+
LBV;5;2025-01-27;2025-01-28;2025-02-04;4295.0;4400.0;2.444703;2.096435;above;2025+
LBV;5;2025-02-04;2025-02-05;2025-02-12;4350.0;4368.0;0.413793;1.082031;above;2025+
LBV;5;2025-02-12;2025-02-13;2025-02-20;4300.0;4324.0;0.55814;3.385325;above;2025+
LBV;5;2025-02-20;2025-02-21;2025-02-28;3900.0;4099.0;5.102564;-0.707949;above;2025+
LBV;5;2025-03-26;2025-03-27;2025-04-07;4500.0;4200.0;-6.666667;-7.565294;above;2025+
LBV;5;2025-05-02;2025-05-05;2025-05-12;4300.0;4800.0;11.627907;3.417173;above;2025+
LBV;5;2025-05-12;2025-05-13;2025-05-20;4800.0;4680.0;-2.5;-0.047324;above;2025+
LBV;5;2025-05-20;2025-05-21;2025-05-28;4679.0;4666.0;-0.277837;-0.160827;above;2025+
LBV;5;2025-05-28;2025-05-29;2025-06-05;4551.0;4589.0;0.834981;4.293588;above;2025+
LBV;5;2025-07-11;2025-07-14;2025-07-21;4700.0;4750.0;1.06383;1.351991;above;2025+
LBV;5;2025-07-21;2025-07-22;2025-07-29;4810.0;4799.0;-0.22869;1.321397;above;2025+
LBV;5;2025-07-29;2025-07-31;2025-08-07;4788.0;4680.0;-2.255639;0.734102;above;2025+
LBV;5;2025-08-18;2025-08-19;2025-08-28;4986.0;5000.0;0.280786;2.643586;above;2025+
LBV;5;2025-08-28;2025-08-29;2025-09-08;4903.0;4900.0;-0.061187;-0.071903;above;2025+
LBV;5;2025-09-08;2025-09-09;2025-09-16;4850.0;4799.0;-1.051546;0.640429;above;2025+
LBV;5;2025-12-19;2025-12-22;2025-12-29;4640.0;4450.0;-4.094828;-2.931357;above;2025+
LBV;5;2026-01-07;2026-01-08;2026-01-16;4680.0;4500.0;-3.846154;-0.968678;above;2025+
LBV;5;2026-04-14;2026-04-15;2026-04-22;4300.0;4200.0;-2.325581;2.212452;below;2025+
LBV;5;2026-04-22;2026-04-23;2026-04-30;4150.0;4150.0;0.0;-2.901533;above;2025+
LBV;5;2026-08-10;2026-08-11;2026-08-19;4000.0;4200.0;5.0;1.543056;above;2025+
LBV;5;2026-08-19;2026-08-24;2026-09-02;4200.0;4250.0;1.190476;-3.170803;above;2025+
LBV;5;2026-09-02;2026-09-03;2026-09-22;4284.0;4100.0;-4.295051;-3.386329;above;2025+
LBV;20;2024-01-22;2024-01-23;2024-02-20;4349.0;4250.0;-2.276385;1.087524;above;2023-2024
LBV;20;2024-03-20;2024-03-21;2024-04-23;4699.0;4450.0;-5.299;2.073579;above;2023-2024
LBV;20;2024-07-24;2024-07-25;2024-08-28;4400.0;4550.0;3.409091;1.814628;above;2023-2024
LBV;20;2025-01-30;2025-01-31;2025-02-28;4226.0;4099.0;-3.005206;2.927032;above;2025+
LBV;20;2025-04-02;2025-04-03;2025-05-02;4200.0;4300.0;2.380952;1.45118;above;2025+
LBV;20;2025-05-02;2025-05-05;2025-06-02;4300.0;4598.0;6.930233;4.335439;above;2025+
LBV;20;2025-08-04;2025-08-05;2025-09-08;4660.0;4900.0;5.150215;2.373854;above;2025+
LBV;20;2025-09-08;2025-09-09;2025-10-07;4850.0;4700.0;-3.092784;-2.754683;above;2025+
LBV;20;2025-12-08;2025-12-09;2026-01-07;4699.0;4676.0;-0.489466;5.345772;above;2025+
LBV;20;2026-01-07;2026-01-08;2026-02-06;4680.0;4280.0;-8.547009;-5.578009;above;2025+
LBV;20;2026-04-09;2026-04-10;2026-05-11;4200.0;4000.0;-4.761905;2.187631;below;2025+
LBV;20;2026-08-13;2026-08-17;2026-09-30;4049.0;4000.0;-1.210175;-5.846596;above;2025+
LBV;60;2024-01-18;2024-01-19;2024-04-17;4349.0;4584.0;5.403541;5.516739;above;2023-2024
LBV;60;2025-01-16;2025-01-17;2025-04-15;4299.0;4075.0;-5.210514;6.46115;above;2025+
LBV;60;2025-07-14;2025-07-15;2025-10-14;4920.0;4550.0;-7.520325;-2.803135;above;2025+
LBV;60;2026-01-12;2026-01-13;2026-04-10;4450.0;4200.0;-5.617978;-4.821718;above;2025+
LBV;60;2026-04-10;2026-04-13;2026-07-13;4200.0;3600.0;-14.285714;-2.727012;below;2025+
LES;5;2023-10-30;2023-10-31;2023-11-08;277.5;265.0;-4.504505;-0.503259;above;2023-2024
LES;5;2023-11-16;2023-11-17;2023-11-24;271.05;271.1;0.018447;0.08462;above;2023-2024
LES;5;2024-01-08;2024-01-09;2024-01-17;270.0;275.0;1.851852;1.266745;above;2023-2024
LES;5;2024-01-17;2024-01-18;2024-01-25;275.0;275.0;0.0;0.301186;above;2023-2024
LES;5;2024-01-25;2024-01-26;2024-02-02;275.0;276.5;0.545455;-1.08766;above;2023-2024
LES;5;2024-02-02;2024-02-05;2024-02-12;276.5;267.0;-3.435805;1.974271;above;2023-2024
LES;5;2024-02-28;2024-02-29;2024-03-07;273.5;265.25;-3.016453;-1.194598;above;2023-2024
LES;5;2024-05-02;2024-05-03;2024-05-10;275.1;272.2;-1.054162;0.921702;above;2023-2024
LES;5;2024-05-20;2024-05-21;2024-05-28;277.0;275.0;-0.722022;-0.391752;above;2023-2024
LES;5;2024-05-28;2024-05-29;2024-06-05;275.0;277.0;0.727273;-2.205187;above;2023-2024
LES;5;2024-06-05;2024-06-06;2024-06-13;275.0;275.0;0.0;-0.416116;above;2023-2024
LES;5;2024-07-03;2024-07-04;2024-07-11;280.15;276.1;-1.445654;1.040568;above;2023-2024
LES;5;2024-07-29;2024-07-31;2024-08-07;280.0;280.0;0.0;-1.453699;above;2023-2024
LES;5;2024-08-07;2024-08-08;2024-08-16;280.0;275.95;-1.446429;0.705314;above;2023-2024
LES;5;2024-09-25;2024-09-26;2024-10-03;285.0;277.0;-2.807018;-1.500768;above;2023-2024
LES;5;2024-10-21;2024-10-22;2024-10-29;280.0;280.0;0.0;1.153404;above;2023-2024
LES;5;2024-10-29;2024-10-30;2024-11-07;280.0;280.0;0.0;2.153033;above;2023-2024
LES;5;2024-11-07;2024-11-08;2024-11-15;280.0;275.05;-1.767857;1.358706;above;2023-2024
LES;5;2024-12-20;2024-12-23;2024-12-30;280.0;289.0;3.214286;-0.008288;above;2023-2024
LES;5;2024-12-30;2024-12-31;2025-01-08;300.0;275.1;-8.3;6.433952;above;2023-2024
LES;5;2025-02-04;2025-02-05;2025-02-12;284.0;280.0;-1.408451;1.082031;above;2025+
LES;5;2025-02-12;2025-02-13;2025-02-20;280.0;280.0;0.0;3.385325;above;2025+
LES;5;2025-03-10;2025-03-11;2025-03-18;279.7;275.0;-1.680372;2.201264;above;2025+
LES;5;2025-03-26;2025-03-27;2025-04-07;300.0;280.0;-6.666667;-7.565294;above;2025+
LES;5;2025-05-02;2025-05-05;2025-05-12;280.0;280.0;0.0;3.417173;above;2025+
LES;5;2025-05-20;2025-05-21;2025-05-28;282.0;280.0;-0.70922;-0.160827;above;2025+
LES;5;2025-07-29;2025-07-31;2025-08-07;283.95;285.0;0.369783;0.734102;above;2025+
LES;5;2025-08-07;2025-08-08;2025-08-18;280.0;285.0;1.785714;-0.371719;above;2025+
LES;5;2025-08-18;2025-08-19;2025-08-28;282.0;285.0;1.06383;2.643586;above;2025+
LES;5;2025-08-28;2025-08-29;2025-09-08;300.0;282.0;-6.0;-0.071903;above;2025+
LES;5;2025-09-24;2025-09-25;2025-10-02;300.0;300.0;0.0;-4.992012;above;2025+
LES;5;2025-10-02;2025-10-03;2025-10-10;294.3;300.0;1.936799;-1.438934;above;2025+
LES;5;2025-10-10;2025-10-13;2025-10-20;299.95;299.95;0.0;1.402054;above;2025+
LES;5;2025-12-29;2025-12-30;2026-01-07;330.0;366.0;10.909091;4.238708;below;2025+
LES;5;2026-01-07;2026-01-08;2026-01-16;353.15;355.0;0.523857;-0.968678;above;2025+
LES;5;2026-01-16;2026-01-19;2026-01-26;361.1;340.0;-5.843257;-3.277925;above;2025+
LES;5;2026-02-27;2026-03-02;2026-03-09;360.0;349.0;-3.055556;-4.853715;below;2025+
LES;5;2026-03-09;2026-03-10;2026-03-17;364.0;350.0;-3.846154;0.962818;below;2025+
LES;5;2026-03-17;2026-03-18;2026-03-27;365.0;425.0;16.438356;-1.660871;below;2025+
LES;5;2026-03-27;2026-03-30;2026-04-06;424.95;415.0;-2.341452;1.554679;below;2025+
LES;5;2026-04-06;2026-04-07;2026-04-14;415.0;403.0;-2.891566;7.837297;below;2025+
LES;5;2026-04-14;2026-04-15;2026-04-22;417.0;398.0;-4.556355;2.212452;below;2025+
LES;5;2026-06-26;2026-06-29;2026-07-06;370.0;350.0;-5.405405;1.926042;below;2025+
LES;20;2024-01-22;2024-01-23;2024-02-20;275.0;272.0;-1.090909;1.087524;above;2023-2024
LES;20;2024-05-23;2024-05-24;2024-06-25;275.0;275.0;0.0;0.293328;above;2023-2024
LES;20;2024-07-24;2024-07-25;2024-08-28;280.0;266.2;-4.928571;1.814628;above;2023-2024
LES;20;2024-09-30;2024-10-01;2024-10-29;277.0;280.0;1.083032;0.326447;above;2023-2024
LES;20;2024-10-29;2024-10-30;2024-11-29;280.0;276.0;-1.428571;4.617721;above;2023-2024
LES;20;2024-12-30;2024-12-31;2025-01-30;300.0;280.5;-6.5;10.636498;above;2023-2024
LES;20;2025-04-02;2025-04-03;2025-05-02;280.0;284.9;1.75;1.45118;above;2025+
LES;20;2025-05-02;2025-05-05;2025-06-02;280.0;280.0;0.0;4.335439;above;2025+
LES;20;2025-08-04;2025-08-05;2025-09-08;285.0;282.0;-1.052632;2.373854;above;2025+
LES;20;2025-10-07;2025-10-08;2025-11-05;300.0;295.0;-1.666667;2.880201;above;2025+
LES;20;2026-01-07;2026-01-08;2026-02-06;353.15;344.95;-2.32196;-5.578009;above;2025+
LES;20;2026-03-09;2026-03-10;2026-04-09;364.0;391.3;7.5;6.866219;below;2025+
LES;60;2024-01-18;2024-01-19;2024-04-17;275.0;272.0;-1.090909;5.516739;above;2023-2024
LES;60;2024-04-17;2024-04-18;2024-07-16;268.6;276.0;2.755026;0.005128;above;2023-2024
LES;60;2024-10-17;2024-10-18;2025-01-16;280.0;285.0;1.785714;14.206527;above;2023-2024
LES;60;2025-01-16;2025-01-17;2025-04-15;275.0;280.05;1.836364;6.46115;above;2025+
LES;60;2026-01-12;2026-01-13;2026-04-10;369.0;392.5;6.368564;-4.821718;above;2025+
LHM;5;2023-10-20;2023-10-23;2023-10-30;1960.0;1863.0;-4.94898;-2.602436;above;2023-2024
LHM;5;2023-11-08;2023-11-09;2023-11-16;1900.0;1885.0;-0.789474;0.192435;above;2023-2024
LHM;5;2023-12-12;2023-12-13;2023-12-20;1959.0;1950.0;-0.459418;1.08122;above;2023-2024
LHM;5;2023-12-20;2023-12-21;2023-12-28;1911.0;1920.0;0.470958;-1.11805;above;2023-2024
LHM;5;2023-12-28;2023-12-29;2024-01-08;1920.0;1994.0;3.854167;2.390994;above;2023-2024
LHM;5;2024-01-08;2024-01-09;2024-01-17;1994.0;2070.0;3.811434;1.266745;above;2023-2024
LHM;5;2024-01-17;2024-01-18;2024-01-25;2059.0;2045.0;-0.679942;0.301186;above;2023-2024
LHM;5;2024-01-25;2024-01-26;2024-02-02;2010.0;1980.0;-1.492537;-1.08766;above;2023-2024
LHM;5;2024-02-12;2024-02-13;2024-02-20;1985.0;1977.0;-0.403023;1.477759;above;2023-2024
LHM;5;2024-02-28;2024-02-29;2024-03-07;1999.0;1965.0;-1.70085;-1.194598;above;2023-2024
LHM;5;2024-03-15;2024-03-18;2024-03-25;2000.0;1990.0;-0.5;-0.935377;above;2023-2024
LHM;5;2024-04-23;2024-04-24;2024-05-02;1990.0;2020.0;1.507538;0.313299;above;2023-2024
LHM;5;2024-05-02;2024-05-03;2024-05-10;2000.0;2039.0;1.95;0.921702;above;2023-2024
LHM;5;2024-05-10;2024-05-13;2024-05-20;2000.0;2020.0;1.0;-0.716252;above;2023-2024
LHM;5;2024-05-20;2024-05-21;2024-05-28;2002.0;2000.0;-0.0999;-0.391752;above;2023-2024
LHM;5;2024-07-19;2024-07-22;2024-07-29;1995.0;1980.0;-0.75188;2.172993;above;2023-2024
LHM;5;2024-07-29;2024-07-31;2024-08-07;1960.0;1950.0;-0.510204;-1.453699;above;2023-2024
LHM;5;2024-08-07;2024-08-08;2024-08-16;1950.0;1971.0;1.076923;0.705314;above;2023-2024
LHM;5;2024-08-16;2024-08-19;2024-08-28;1971.0;1935.0;-1.826484;-0.041612;above;2023-2024
LHM;5;2024-11-07;2024-11-08;2024-11-15;1920.0;2000.0;4.166667;1.358706;above;2023-2024
LHM;5;2024-11-15;2024-11-19;2024-11-26;2021.0;1971.0;-2.474023;-1.102039;above;2023-2024
LHM;5;2024-11-26;2024-11-27;2024-12-04;2000.0;1990.0;-0.5;-1.016638;above;2023-2024
LHM;5;2024-12-04;2024-12-05;2024-12-12;1985.0;1946.0;-1.964736;-1.36814;above;2023-2024
LHM;5;2025-01-08;2025-01-09;2025-01-17;2038.0;2045.0;0.343474;1.111537;above;2025+
LHM;5;2025-01-17;2025-01-20;2025-01-27;2030.0;2020.0;-0.492611;-0.518191;above;2025+
LHM;5;2025-01-27;2025-01-28;2025-02-04;2022.0;2020.0;-0.098912;2.096435;above;2025+
LHM;5;2025-05-02;2025-05-05;2025-05-12;1900.0;1998.0;5.157895;3.417173;above;2025+
LHM;5;2025-05-12;2025-05-13;2025-05-20;1975.0;1970.0;-0.253165;-0.047324;above;2025+
LHM;5;2025-05-20;2025-05-21;2025-05-28;1974.0;1970.0;-0.202634;-0.160827;above;2025+
LHM;5;2025-05-28;2025-05-29;2025-06-05;1954.0;1980.0;1.330604;4.293588;above;2025+
LHM;5;2025-06-05;2025-06-06;2025-06-16;1980.0;1910.0;-3.535354;-2.067936;above;2025+
LHM;5;2025-07-21;2025-07-22;2025-07-29;1970.0;2000.0;1.522843;1.321397;above;2025+
LHM;5;2025-07-29;2025-07-31;2025-08-07;2000.0;2000.0;0.0;0.734102;above;2025+
LHM;5;2025-08-07;2025-08-08;2025-08-18;2000.0;2003.0;0.15;-0.371719;above;2025+
LHM;5;2025-08-18;2025-08-19;2025-08-28;2012.0;2144.0;6.560636;2.643586;above;2025+
LHM;5;2025-08-28;2025-08-29;2025-09-08;2144.0;2040.0;-4.850746;-0.071903;above;2025+
LHM;5;2025-11-05;2025-11-07;2025-11-14;1933.0;1830.0;-5.328505;-3.232598;above;2025+
LHM;5;2026-01-07;2026-01-08;2026-01-16;1872.0;1849.0;-1.228632;-0.968678;above;2025+
LHM;5;2026-04-06;2026-04-07;2026-04-14;1734.0;1834.0;5.767013;7.837297;below;2025+
LHM;5;2026-04-14;2026-04-15;2026-04-22;1823.0;1875.0;2.852441;2.212452;below;2025+
LHM;5;2026-04-22;2026-04-23;2026-04-30;1880.0;1848.0;-1.702128;-2.901533;above;2025+
LHM;5;2026-04-30;2026-05-04;2026-05-11;1830.0;1835.0;0.273224;0.825337;below;2025+
LHM;5;2026-06-09;2026-06-10;2026-06-18;1845.0;1760.0;-4.607046;1.186217;below;2025+
LHM;5;2026-08-10;2026-08-11;2026-08-19;1770.0;1800.0;1.694915;1.543056;above;2025+
LHM;5;2026-08-19;2026-08-24;2026-09-02;1809.0;1720.0;-4.919845;-3.170803;above;2025+
LHM;20;2023-10-20;2023-10-23;2023-11-21;1960.0;1860.0;-5.102041;-2.183112;above;2023-2024
LHM;20;2023-12-20;2023-12-21;2024-01-22;1911.0;2020.0;5.70382;4.414988;above;2023-2024
LHM;20;2024-01-22;2024-01-23;2024-02-20;2050.0;1977.0;-3.560976;1.087524;above;2023-2024
LHM;20;2024-04-23;2024-04-24;2024-05-23;1990.0;2002.0;0.603015;0.709949;above;2023-2024
LHM;20;2024-07-24;2024-07-25;2024-08-28;1944.0;1935.0;-0.462963;1.814628;above;2023-2024
LHM;20;2024-11-29;2024-12-02;2024-12-30;1985.0;1925.0;-3.02267;0.002106;above;2023-2024
LHM;20;2025-05-02;2025-05-05;2025-06-02;1900.0;1994.0;4.947368;4.335439;above;2025+
LHM;20;2025-06-02;2025-06-03;2025-07-03;1962.0;1950.0;-0.611621;1.444803;above;2025+
LHM;20;2025-08-04;2025-08-05;2025-09-08;1990.0;2040.0;2.512563;2.373854;above;2025+
LHM;20;2025-11-05;2025-11-07;2025-12-08;1933.0;1840.0;-4.811174;-4.125615;above;2025+
LHM;20;2026-01-07;2026-01-08;2026-02-06;1872.0;1799.0;-3.899573;-5.578009;above;2025+
LHM;20;2026-04-09;2026-04-10;2026-05-11;1835.0;1835.0;0.0;2.187631;below;2025+
LHM;20;2026-08-13;2026-08-17;2026-09-30;1800.0;1650.0;-8.333333;-5.846596;above;2025+
LHM;60;2023-10-20;2023-10-23;2024-01-18;1960.0;2059.0;5.05102;3.292678;above;2023-2024
LHM;60;2024-01-18;2024-01-19;2024-04-17;2027.0;2000.0;-1.332018;5.516739;above;2023-2024
LHM;60;2024-04-17;2024-04-18;2024-07-16;2020.0;1949.0;-3.514851;0.005128;above;2023-2024
LHM;60;2024-07-16;2024-07-17;2024-10-17;1930.0;1801.0;-6.683938;3.973828;above;2023-2024
LHM;60;2025-01-16;2025-01-17;2025-04-15;2045.0;1890.0;-7.579462;6.46115;above;2025+
LHM;60;2026-01-12;2026-01-13;2026-04-10;1850.0;1835.0;-0.810811;-4.821718;above;2025+
LHM;60;2026-04-10;2026-04-13;2026-07-13;1800.0;1760.0;-2.222222;-2.727012;below;2025+
M2M;5;2023-12-28;2023-12-29;2024-01-08;619.0;619.0;0.0;2.390994;above;2023-2024
M2M;5;2024-01-08;2024-01-09;2024-01-17;619.0;619.0;0.0;1.266745;above;2023-2024
M2M;5;2024-01-17;2024-01-18;2024-01-25;619.0;619.0;0.0;0.301186;above;2023-2024
M2M;5;2024-01-25;2024-01-26;2024-02-02;619.0;611.0;-1.292407;-1.08766;above;2023-2024
M2M;5;2024-06-05;2024-06-06;2024-06-13;495.0;498.0;0.606061;-0.416116;above;2023-2024
M2M;5;2024-06-13;2024-06-14;2024-06-25;490.0;460.65;-5.989796;1.881824;above;2023-2024
M2M;5;2024-08-28;2024-08-29;2024-09-05;510.0;543.0;6.470588;-0.205668;above;2023-2024
M2M;5;2024-09-05;2024-09-06;2024-09-13;543.0;566.4;4.309392;0.629486;above;2023-2024
M2M;5;2024-09-13;2024-09-18;2024-09-25;550.0;543.0;-1.272727;1.38181;above;2023-2024
M2M;5;2024-09-25;2024-09-26;2024-10-03;550.0;543.0;-1.272727;-1.500768;above;2023-2024
M2M;5;2024-10-21;2024-10-22;2024-10-29;572.0;550.0;-3.846154;1.153404;above;2023-2024
M2M;5;2024-10-29;2024-10-30;2024-11-07;550.0;551.0;0.181818;2.153033;above;2023-2024
M2M;5;2024-11-07;2024-11-08;2024-11-15;550.0;520.5;-5.363636;1.358706;above;2023-2024
M2M;5;2024-12-04;2024-12-05;2024-12-12;582.0;551.5;-5.24055;-1.36814;above;2023-2024
M2M;5;2025-02-28;2025-03-03;2025-03-10;529.0;521.2;-1.47448;-1.243798;above;2025+
M2M;5;2025-04-07;2025-04-08;2025-04-15;547.5;504.0;-7.945205;3.506814;above;2025+
M2M;5;2025-07-03;2025-07-04;2025-07-11;530.0;525.0;-0.943396;1.877352;above;2025+
M2M;5;2025-07-11;2025-07-14;2025-07-21;525.0;497.0;-5.333333;1.351991;above;2025+
M2M;5;2025-08-18;2025-08-19;2025-08-28;535.0;535.0;0.0;2.643586;above;2025+
M2M;5;2025-08-28;2025-08-29;2025-09-08;538.5;510.0;-5.292479;-0.071903;above;2025+
M2M;5;2025-12-11;2025-12-12;2025-12-19;462.0;472.0;2.164502;2.002477;above;2025+
M2M;5;2025-12-19;2025-12-22;2025-12-29;475.5;488.95;2.828601;-2.931357;above;2025+
M2M;5;2025-12-29;2025-12-30;2026-01-07;473.95;460.0;-2.943348;4.238708;below;2025+
M2M;5;2026-03-27;2026-03-30;2026-04-06;443.0;421.0;-4.96614;1.554679;below;2025+
M2M;5;2026-04-22;2026-04-23;2026-04-30;447.85;441.0;-1.52953;-2.901533;above;2025+
M2M;5;2026-04-30;2026-05-04;2026-05-11;428.0;422.0;-1.401869;0.825337;below;2025+
M2M;5;2026-07-31;2026-08-03;2026-08-10;394.0;410.0;4.060914;5.347486;below;2025+
M2M;5;2026-08-10;2026-08-11;2026-08-19;410.0;401.0;-2.195122;1.543056;above;2025+
M2M;5;2026-08-19;2026-08-24;2026-09-02;401.0;410.0;2.244389;-3.170803;above;2025+
M2M;5;2026-09-02;2026-09-03;2026-09-22;410.0;395.0;-3.658537;-3.386329;above;2025+
M2M;20;2024-01-22;2024-01-23;2024-02-20;619.0;603.0;-2.584814;1.087524;above;2023-2024
M2M;20;2024-08-28;2024-08-29;2024-09-30;510.0;549.0;7.647059;3.141424;above;2023-2024
M2M;20;2024-09-30;2024-10-01;2024-10-29;549.0;550.0;0.182149;0.326447;above;2023-2024
M2M;20;2024-10-29;2024-10-30;2024-11-29;550.0;573.8;4.327273;4.617721;above;2023-2024
M2M;20;2024-11-29;2024-12-02;2024-12-30;582.0;550.0;-5.498282;0.002106;above;2023-2024
M2M;20;2025-02-28;2025-03-03;2025-04-02;529.0;570.0;7.750473;5.259848;above;2025+
M2M;20;2025-04-02;2025-04-03;2025-05-02;550.0;521.0;-5.272727;1.45118;above;2025+
M2M;20;2025-06-02;2025-06-03;2025-07-03;518.2;531.0;2.470089;1.444803;above;2025+
M2M;20;2025-07-03;2025-07-04;2025-08-04;530.0;505.0;-4.716981;4.819019;above;2025+
M2M;20;2026-02-06;2026-02-09;2026-03-09;467.95;397.05;-15.151191;-9.844118;below;2025+
M2M;60;2024-01-18;2024-01-19;2024-04-17;619.0;495.0;-20.03231;5.516739;above;2023-2024
M2M;60;2025-07-14;2025-07-15;2025-10-14;509.2;483.0;-5.145326;-2.803135;above;2025+
M2M;60;2026-01-12;2026-01-13;2026-04-10;487.0;418.0;-14.168378;-4.821718;above;2025+
MGL;5;2024-01-25;2024-01-26;2024-02-02;999.0;995.0;-0.4004;-1.08766;above;2023-2024
MGL;5;2024-02-02;2024-02-05;2024-02-12;994.7;950.0;-4.493817;1.974271;above;2023-2024
MGL;5;2024-02-28;2024-02-29;2024-03-07;969.0;969.0;0.0;-1.194598;above;2023-2024
MGL;5;2024-03-07;2024-03-08;2024-03-15;969.0;969.0;0.0;1.210308;above;2023-2024
MGL;5;2024-03-15;2024-03-18;2024-03-25;969.0;920.0;-5.05676;-0.935377;above;2023-2024
MGL;5;2024-04-23;2024-04-24;2024-05-02;969.0;968.0;-0.103199;0.313299;above;2023-2024
MGL;5;2024-05-02;2024-05-03;2024-05-10;968.0;946.0;-2.272727;0.921702;above;2023-2024
MGL;5;2024-06-13;2024-06-14;2024-06-25;972.0;972.0;0.0;1.881824;above;2023-2024
MGL;5;2024-06-25;2024-06-26;2024-07-03;972.0;972.0;0.0;-1.103992;above;2023-2024
MGL;5;2024-07-03;2024-07-04;2024-07-11;972.0;914.0;-5.967078;1.040568;above;2023-2024
MGL;5;2024-07-29;2024-07-31;2024-08-07;970.0;968.0;-0.206186;-1.453699;above;2023-2024
MGL;5;2024-08-07;2024-08-08;2024-08-16;968.0;968.0;0.0;0.705314;above;2023-2024
MGL;5;2024-08-16;2024-08-19;2024-08-28;968.0;902.5;-6.766529;-0.041612;above;2023-2024
MGL;5;2024-11-15;2024-11-19;2024-11-26;929.0;929.0;0.0;-1.102039;above;2023-2024
MGL;5;2024-11-26;2024-11-27;2024-12-04;929.0;929.0;0.0;-1.016638;above;2023-2024
MGL;5;2024-12-04;2024-12-05;2024-12-12;929.0;929.0;0.0;-1.36814;above;2023-2024
MGL;5;2025-02-04;2025-02-05;2025-02-12;925.0;900.0;-2.702703;1.082031;above;2025+
MGL;5;2025-02-28;2025-03-03;2025-03-10;940.0;940.0;0.0;-1.243798;above;2025+
MGL;5;2025-03-10;2025-03-11;2025-03-18;940.0;940.0;0.0;2.201264;above;2025+
MGL;5;2025-03-18;2025-03-19;2025-03-26;940.0;977.0;3.93617;2.18077;above;2025+
MGL;5;2025-03-26;2025-03-27;2025-04-07;977.0;977.0;0.0;-7.565294;above;2025+
MGL;5;2025-04-07;2025-04-08;2025-04-15;975.0;975.0;0.0;3.506814;above;2025+
MGL;5;2025-04-15;2025-04-16;2025-04-23;975.0;926.1;-5.015385;0.582511;above;2025+
MGL;5;2025-05-12;2025-05-13;2025-05-20;970.0;950.0;-2.061856;-0.047324;above;2025+
MGL;5;2025-07-03;2025-07-04;2025-07-11;950.0;975.0;2.631579;1.877352;above;2025+
MGL;5;2025-07-11;2025-07-14;2025-07-21;975.0;919.0;-5.74359;1.351991;above;2025+
MGL;5;2025-07-29;2025-07-31;2025-08-07;969.0;989.0;2.063983;0.734102;above;2025+
MGL;5;2025-08-07;2025-08-08;2025-08-18;989.0;999.0;1.011122;-0.371719;above;2025+
MGL;5;2025-08-18;2025-08-19;2025-08-28;999.0;900.0;-9.90991;2.643586;above;2025+
MGL;5;2025-09-24;2025-09-25;2025-10-02;964.0;910.0;-5.60166;-4.992012;above;2025+
MGL;5;2025-10-10;2025-10-13;2025-10-20;962.0;949.0;-1.351351;1.402054;above;2025+
MGL;5;2025-10-20;2025-10-21;2025-10-28;949.0;945.0;-0.421496;0.365781;above;2025+
MGL;5;2025-10-28;2025-10-29;2025-11-05;945.0;945.0;0.0;-0.48965;above;2025+
MGL;5;2025-12-19;2025-12-22;2025-12-29;945.0;943.0;-0.21164;-2.931357;above;2025+
MGL;5;2025-12-29;2025-12-30;2026-01-07;943.0;912.0;-3.287381;4.238708;below;2025+
MGL;5;2026-02-03;2026-02-04;2026-02-11;877.0;910.0;3.762828;-0.461065;below;2025+
MGL;5;2026-02-27;2026-03-02;2026-03-09;910.0;900.0;-1.098901;-4.853715;below;2025+
MGL;5;2026-03-17;2026-03-18;2026-03-27;924.0;899.0;-2.705628;-1.660871;below;2025+
MGL;5;2026-04-30;2026-05-04;2026-05-11;900.0;890.0;-1.111111;0.825337;below;2025+
MGL;5;2026-05-19;2026-05-20;2026-06-01;895.0;895.0;0.0;4.467041;below;2025+
MGL;5;2026-06-26;2026-06-29;2026-07-06;894.0;891.0;-0.33557;1.926042;below;2025+
MGL;5;2026-07-22;2026-07-23;2026-07-31;900.0;929.0;3.222222;0.999598;below;2025+
MGL;5;2026-07-31;2026-08-03;2026-08-10;910.0;929.0;2.087912;5.347486;below;2025+
MGL;5;2026-08-10;2026-08-11;2026-08-19;950.0;940.0;-1.052632;1.543056;above;2025+
MGL;5;2026-08-19;2026-08-24;2026-09-02;940.0;902.0;-4.042553;-3.170803;above;2025+
MGL;20;2024-01-22;2024-01-23;2024-02-20;963.4;950.0;-1.390907;1.087524;above;2023-2024
MGL;20;2024-04-23;2024-04-24;2024-05-23;969.0;925.0;-4.540764;0.709949;above;2023-2024
MGL;20;2024-06-25;2024-06-26;2024-07-24;972.0;970.0;-0.205761;2.134685;above;2023-2024
MGL;20;2024-07-24;2024-07-25;2024-08-28;970.0;902.5;-6.958763;1.814628;above;2023-2024
MGL;20;2024-11-29;2024-12-02;2024-12-30;929.0;900.0;-3.121636;0.002106;above;2023-2024
MGL;20;2025-02-28;2025-03-03;2025-04-02;940.0;977.0;3.93617;5.259848;above;2025+
MGL;20;2025-04-02;2025-04-03;2025-05-02;977.0;941.0;-3.684749;1.45118;above;2025+
MGL;20;2025-07-03;2025-07-04;2025-08-04;950.0;990.0;4.210526;4.819019;above;2025+
MGL;20;2025-08-04;2025-08-05;2025-09-08;990.0;903.0;-8.787879;2.373854;above;2025+
MGL;60;2024-01-18;2024-01-19;2024-04-17;963.4;969.0;0.581275;5.516739;above;2023-2024
MGL;60;2024-04-17;2024-04-18;2024-07-16;969.0;914.0;-5.675955;0.005128;above;2023-2024
MGL;60;2025-04-15;2025-04-16;2025-07-14;975.0;975.0;0.0;10.488766;above;2025+
MGL;60;2025-07-14;2025-07-15;2025-10-14;920.0;962.0;4.565217;-2.803135;above;2025+
MGL;60;2025-10-14;2025-10-15;2026-01-12;905.0;910.0;0.552486;7.238795;above;2025+
MNG;5;2023-12-20;2023-12-21;2023-12-28;165.0;173.0;4.848485;-1.11805;above;2023-2024
MNG;5;2023-12-28;2023-12-29;2024-01-08;176.0;191.9;9.034091;2.390994;above;2023-2024
MNG;5;2024-01-08;2024-01-09;2024-01-17;185.0;186.0;0.540541;1.266745;above;2023-2024
MNG;5;2024-01-17;2024-01-18;2024-01-25;187.5;182.5;-2.666667;0.301186;above;2023-2024
MNG;5;2024-02-28;2024-02-29;2024-03-07;180.0;176.9;-1.722222;-1.194598;above;2023-2024
MNG;5;2024-04-02;2024-04-03;2024-04-15;180.0;199.7;10.944444;2.11738;above;2023-2024
MNG;5;2024-04-15;2024-04-16;2024-04-23;216.9;223.0;2.812356;-0.865642;above;2023-2024
MNG;5;2024-04-23;2024-04-24;2024-05-02;223.0;237.1;6.32287;0.313299;above;2023-2024
MNG;5;2024-05-02;2024-05-03;2024-05-10;239.7;240.0;0.125156;0.921702;above;2023-2024
MNG;5;2024-05-10;2024-05-13;2024-05-20;235.0;244.0;3.829787;-0.716252;above;2023-2024
MNG;5;2024-05-20;2024-05-21;2024-05-28;245.0;236.5;-3.469388;-0.391752;above;2023-2024
MNG;5;2024-06-13;2024-06-14;2024-06-25;230.0;248.0;7.826087;1.881824;above;2023-2024
MNG;5;2024-06-25;2024-06-26;2024-07-03;247.9;249.0;0.443727;-1.103992;above;2023-2024
MNG;5;2024-07-03;2024-07-04;2024-07-11;247.0;250.0;1.214575;1.040568;above;2023-2024
MNG;5;2024-07-11;2024-07-12;2024-07-19;250.0;255.9;2.36;0.785092;above;2023-2024
MNG;5;2024-07-19;2024-07-22;2024-07-29;254.5;270.1;6.129666;2.172993;above;2023-2024
MNG;5;2024-07-29;2024-07-31;2024-08-07;275.0;269.2;-2.109091;-1.453699;above;2023-2024
MNG;5;2024-08-07;2024-08-08;2024-08-16;276.0;273.0;-1.086957;0.705314;above;2023-2024
MNG;5;2024-08-16;2024-08-19;2024-08-28;270.3;279.9;3.551609;-0.041612;above;2023-2024
MNG;5;2024-08-28;2024-08-29;2024-09-05;287.0;284.9;-0.731707;-0.205668;above;2023-2024
MNG;5;2024-09-05;2024-09-06;2024-09-13;285.0;279.9;-1.789474;0.629486;above;2023-2024
MNG;5;2024-09-25;2024-09-26;2024-10-03;279.7;270.0;-3.468001;-1.500768;above;2023-2024
MNG;5;2024-11-15;2024-11-19;2024-11-26;290.0;285.0;-1.724138;-1.102039;above;2023-2024
MNG;5;2024-11-26;2024-11-27;2024-12-04;283.0;287.9;1.731449;-1.016638;above;2023-2024
MNG;5;2024-12-04;2024-12-05;2024-12-12;287.8;279.5;-2.883947;-1.36814;above;2023-2024
MNG;5;2025-01-08;2025-01-09;2025-01-17;320.0;344.8;7.75;1.111537;above;2025+
MNG;5;2025-01-17;2025-01-20;2025-01-27;335.0;316.5;-5.522388;-0.518191;above;2025+
MNG;5;2025-01-27;2025-01-28;2025-02-04;320.1;340.0;6.216807;2.096435;above;2025+
MNG;5;2025-02-04;2025-02-05;2025-02-12;340.0;360.0;5.882353;1.082031;above;2025+
MNG;5;2025-02-12;2025-02-13;2025-02-20;365.0;402.0;10.136986;3.385325;above;2025+
MNG;5;2025-02-20;2025-02-21;2025-02-28;396.0;390.0;-1.515152;-0.707949;above;2025+
MNG;5;2025-02-28;2025-03-03;2025-03-10;396.0;402.2;1.565657;-1.243798;above;2025+
MNG;5;2025-03-10;2025-03-11;2025-03-18;402.2;450.0;11.884635;2.201264;above;2025+
MNG;5;2025-03-18;2025-03-19;2025-03-26;483.7;520.0;7.504652;2.18077;above;2025+
MNG;5;2025-03-26;2025-03-27;2025-04-07;520.1;475.1;-8.652182;-7.565294;above;2025+
MNG;5;2025-04-07;2025-04-08;2025-04-15;483.0;509.6;5.507246;3.506814;above;2025+
MNG;5;2025-04-15;2025-04-16;2025-04-23;508.0;509.4;0.275591;0.582511;above;2025+
MNG;5;2025-04-23;2025-04-24;2025-05-02;509.9;510.0;0.019612;1.210679;above;2025+
MNG;5;2025-05-02;2025-05-05;2025-05-12;512.9;515.1;0.428934;3.417173;above;2025+
MNG;5;2025-05-12;2025-05-13;2025-05-20;530.0;539.9;1.867925;-0.047324;above;2025+
MNG;5;2025-05-20;2025-05-21;2025-05-28;530.0;527.8;-0.415094;-0.160827;above;2025+
MNG;5;2025-05-28;2025-05-29;2025-06-05;520.0;515.0;-0.961538;4.293588;above;2025+
MNG;5;2025-06-24;2025-06-25;2025-07-03;520.0;527.5;1.442308;1.003985;above;2025+
MNG;5;2025-07-03;2025-07-04;2025-07-11;530.0;530.0;0.0;1.877352;above;2025+
MNG;5;2025-07-11;2025-07-14;2025-07-21;522.0;549.0;5.172414;1.351991;above;2025+
MNG;5;2025-07-21;2025-07-22;2025-07-29;550.0;580.0;5.454545;1.321397;above;2025+
MNG;5;2025-07-29;2025-07-31;2025-08-07;579.8;568.0;-2.035185;0.734102;above;2025+
MNG;5;2025-08-07;2025-08-08;2025-08-18;579.8;550.0;-5.139703;-0.371719;above;2025+
MNG;5;2025-08-28;2025-08-29;2025-09-08;578.9;579.5;0.103645;-0.071903;above;2025+
MNG;5;2025-09-08;2025-09-09;2025-09-16;575.0;590.0;2.608696;0.640429;above;2025+
MNG;5;2025-09-16;2025-09-17;2025-09-24;600.0;610.0;1.666667;0.15863;above;2025+
MNG;5;2025-09-24;2025-09-25;2025-10-02;610.0;590.0;-3.278689;-4.992012;above;2025+
MNG;5;2025-10-20;2025-10-21;2025-10-28;618.5;605.0;-2.1827;0.365781;above;2025+
MNG;5;2025-10-28;2025-10-29;2025-11-05;600.0;620.0;3.333333;-0.48965;above;2025+
MNG;5;2025-11-05;2025-11-07;2025-11-14;620.0;605.0;-2.419355;-3.232598;above;2025+
MNG;5;2025-12-19;2025-12-22;2025-12-29;615.4;635.0;3.18492;-2.931357;above;2025+
MNG;5;2025-12-29;2025-12-30;2026-01-07;630.0;705.0;11.904762;4.238708;below;2025+
MNG;5;2026-01-07;2026-01-08;2026-01-16;709.9;792.8;11.677701;-0.968678;above;2025+
MNG;5;2026-01-16;2026-01-19;2026-01-26;814.7;800.6;-1.730698;-3.277925;above;2025+
MNG;5;2026-01-26;2026-01-27;2026-02-03;801.5;780.0;-2.68247;-0.948094;below;2025+
MNG;5;2026-02-19;2026-02-20;2026-02-27;798.0;850.0;6.516291;-2.997106;below;2025+
MNG;5;2026-02-27;2026-03-02;2026-03-09;875.0;785.0;-10.285714;-4.853715;below;2025+
MNG;5;2026-03-27;2026-03-30;2026-04-06;849.8;1074.5;26.441516;1.554679;below;2025+
MNG;5;2026-04-06;2026-04-07;2026-04-14;1018.0;1410.0;38.506876;7.837297;below;2025+
MNG;5;2026-04-14;2026-04-15;2026-04-22;1350.0;1399.0;3.62963;2.212452;below;2025+
MNG;5;2026-04-22;2026-04-23;2026-04-30;1429.9;1380.0;-3.489755;-2.901533;above;2025+
MNG;5;2026-04-30;2026-05-04;2026-05-11;1390.0;1410.0;1.438849;0.825337;below;2025+
MNG;5;2026-05-11;2026-05-12;2026-05-19;1427.0;1425.1;-0.133146;-2.729843;above;2025+
MNG;5;2026-05-19;2026-05-20;2026-06-01;1450.0;1809.8;24.813793;4.467041;below;2025+
MNG;5;2026-06-01;2026-06-02;2026-06-09;1710.0;1640.2;-4.081871;-0.418438;above;2025+
MNG;5;2026-06-09;2026-06-10;2026-06-18;1480.0;1445.0;-2.364865;1.186217;below;2025+
MNG;20;2023-12-20;2023-12-21;2024-01-22;165.0;186.5;13.030303;4.414988;above;2023-2024
MNG;20;2024-01-22;2024-01-23;2024-02-20;186.9;182.0;-2.621723;1.087524;above;2023-2024
MNG;20;2024-04-23;2024-04-24;2024-05-23;223.0;240.2;7.713004;0.709949;above;2023-2024
MNG;20;2024-05-23;2024-05-24;2024-06-25;239.7;248.0;3.462662;0.293328;above;2023-2024
MNG;20;2024-06-25;2024-06-26;2024-07-24;247.9;265.0;6.897943;2.134685;above;2023-2024
MNG;20;2024-07-24;2024-07-25;2024-08-28;267.9;279.9;4.479283;1.814628;above;2023-2024
MNG;20;2024-08-28;2024-08-29;2024-09-30;287.0;275.8;-3.902439;3.141424;above;2023-2024
MNG;20;2024-11-29;2024-12-02;2024-12-30;289.0;282.1;-2.387543;0.002106;above;2023-2024
MNG;20;2025-01-30;2025-01-31;2025-02-28;329.0;390.0;18.541033;2.927032;above;2025+
MNG;20;2025-02-28;2025-03-03;2025-04-02;396.0;517.0;30.555556;5.259848;above;2025+
MNG;20;2025-04-02;2025-04-03;2025-05-02;510.0;510.0;0.0;1.45118;above;2025+
MNG;20;2025-05-02;2025-05-05;2025-06-02;512.9;525.0;2.359134;4.335439;above;2025+
MNG;20;2025-07-03;2025-07-04;2025-08-04;530.0;573.4;8.188679;4.819019;above;2025+
MNG;20;2025-08-04;2025-08-05;2025-09-08;566.0;579.5;2.385159;2.373854;above;2025+
MNG;20;2025-09-08;2025-09-09;2025-10-07;575.0;605.0;5.217391;-2.754683;above;2025+
MNG;20;2025-10-07;2025-10-08;2025-11-05;600.0;620.0;3.333333;2.880201;above;2025+
MNG;20;2025-11-05;2025-11-07;2025-12-08;620.0;608.7;-1.822581;-4.125615;above;2025+
MNG;20;2025-12-08;2025-12-09;2026-01-07;592.5;705.0;18.987342;5.345772;above;2025+
MNG;20;2026-01-07;2026-01-08;2026-02-06;709.9;755.0;6.353007;-5.578009;above;2025+
MNG;20;2026-04-09;2026-04-10;2026-05-11;1193.4;1410.0;18.149824;2.187631;below;2025+
MNG;20;2026-05-11;2026-05-12;2026-06-12;1427.0;1363.5;-4.449895;-4.38936;above;2025+
MNG;60;2024-01-18;2024-01-19;2024-04-17;185.0;215.0;16.216216;5.516739;above;2023-2024
MNG;60;2024-04-17;2024-04-18;2024-07-16;220.1;250.0;13.584734;0.005128;above;2023-2024
MNG;60;2024-07-16;2024-07-17;2024-10-17;251.0;271.9;8.326693;3.973828;above;2023-2024
MNG;60;2025-01-16;2025-01-17;2025-04-15;344.8;509.6;47.795824;6.46115;above;2025+
MNG;60;2025-04-15;2025-04-16;2025-07-14;508.0;522.0;2.755906;10.488766;above;2025+
MNG;60;2026-01-12;2026-01-13;2026-04-10;820.0;1193.4;45.536585;-4.821718;above;2025+
MOX;5;2023-10-20;2023-10-23;2023-10-30;229.5;230.0;0.217865;-2.602436;above;2023-2024
MOX;5;2023-10-30;2023-10-31;2023-11-08;230.0;230.0;0.0;-0.503259;above;2023-2024
MOX;5;2023-11-08;2023-11-09;2023-11-16;230.0;225.0;-2.173913;0.192435;above;2023-2024
MOX;5;2023-11-24;2023-11-27;2023-12-04;236.8;236.8;0.0;-0.977137;above;2023-2024
MOX;5;2023-12-04;2023-12-05;2023-12-12;236.8;223.0;-5.827703;2.005016;above;2023-2024
MOX;5;2023-12-28;2023-12-29;2024-01-08;230.0;229.0;-0.434783;2.390994;above;2023-2024
MOX;5;2024-04-02;2024-04-03;2024-04-15;216.4;227.0;4.898336;2.11738;above;2023-2024
MOX;5;2024-04-15;2024-04-16;2024-04-23;214.0;201.0;-6.074766;-0.865642;above;2023-2024
MOX;5;2024-05-10;2024-05-13;2024-05-20;208.0;208.0;0.0;-0.716252;above;2023-2024
MOX;5;2024-05-28;2024-05-29;2024-06-05;216.0;217.0;0.462963;-2.205187;above;2023-2024
MOX;5;2024-06-05;2024-06-06;2024-06-13;204.0;208.0;1.960784;-0.416116;above;2023-2024
MOX;5;2024-06-25;2024-06-26;2024-07-03;215.0;213.8;-0.55814;-1.103992;above;2023-2024
MOX;5;2024-07-03;2024-07-04;2024-07-11;213.75;215.0;0.584795;1.040568;above;2023-2024
MOX;5;2024-07-11;2024-07-12;2024-07-19;215.0;204.0;-5.116279;0.785092;above;2023-2024
MOX;5;2024-07-29;2024-07-31;2024-08-07;226.9;213.0;-6.126047;-1.453699;above;2023-2024
MOX;5;2024-08-16;2024-08-19;2024-08-28;224.0;213.3;-4.776786;-0.041612;above;2023-2024
MOX;5;2024-09-05;2024-09-06;2024-09-13;223.0;216.0;-3.139013;0.629486;above;2023-2024
MOX;5;2024-09-25;2024-09-26;2024-10-03;233.0;220.0;-5.579399;-1.500768;above;2023-2024
MOX;5;2024-10-11;2024-10-14;2024-10-21;225.0;225.0;0.0;0.224007;above;2023-2024
MOX;5;2024-10-21;2024-10-22;2024-10-29;225.0;211.0;-6.222222;1.153404;above;2023-2024
MOX;5;2024-11-07;2024-11-08;2024-11-15;234.5;249.95;6.588486;1.358706;above;2023-2024
MOX;5;2024-11-15;2024-11-19;2024-11-26;249.9;229.2;-8.283313;-1.102039;above;2023-2024
MOX;5;2024-12-04;2024-12-05;2024-12-12;255.0;257.9;1.137255;-1.36814;above;2023-2024
MOX;5;2024-12-12;2024-12-13;2024-12-20;257.9;234.15;-9.208996;0.11316;above;2023-2024
MOX;5;2025-01-08;2025-01-09;2025-01-17;265.0;276.0;4.150943;1.111537;above;2025+
MOX;5;2025-01-17;2025-01-20;2025-01-27;276.0;313.45;13.568841;-0.518191;above;2025+
MOX;5;2025-01-27;2025-01-28;2025-02-04;344.75;546.5;58.520667;2.096435;above;2025+
MOX;5;2025-02-04;2025-02-05;2025-02-12;582.9;500.0;-14.221993;1.082031;above;2025+
MOX;5;2025-02-12;2025-02-13;2025-02-20;480.0;444.0;-7.5;3.385325;above;2025+
MOX;5;2025-03-18;2025-03-19;2025-03-26;447.5;455.0;1.675978;2.18077;above;2025+
MOX;5;2025-03-26;2025-03-27;2025-04-07;464.0;443.0;-4.525862;-7.565294;above;2025+
MOX;5;2025-04-23;2025-04-24;2025-05-02;457.9;442.1;-3.450535;1.210679;above;2025+
MOX;5;2025-05-20;2025-05-21;2025-05-28;423.7;442.0;4.319094;-0.160827;above;2025+
MOX;5;2025-08-28;2025-08-29;2025-09-08;430.0;419.0;-2.55814;-0.071903;above;2025+
MOX;5;2025-09-24;2025-09-25;2025-10-02;402.05;400.0;-0.509887;-4.992012;above;2025+
MOX;5;2025-12-11;2025-12-12;2025-12-19;419.0;414.0;-1.193317;2.002477;above;2025+
MOX;5;2025-12-19;2025-12-22;2025-12-29;414.0;414.0;0.0;-2.931357;above;2025+
MOX;5;2025-12-29;2025-12-30;2026-01-07;413.0;405.0;-1.937046;4.238708;below;2025+
MOX;5;2026-04-22;2026-04-23;2026-04-30;395.85;382.0;-3.4988;-2.901533;above;2025+
MOX;5;2026-06-09;2026-06-10;2026-06-18;395.0;356.7;-9.696203;1.186217;below;2025+
MOX;5;2026-06-26;2026-06-29;2026-07-06;386.9;380.0;-1.783407;1.926042;below;2025+
MOX;5;2026-08-10;2026-08-11;2026-08-19;404.95;393.9;-2.728732;1.543056;above;2025+
MOX;5;2026-08-19;2026-08-24;2026-09-02;393.9;386.0;-2.005585;-3.170803;above;2025+
MOX;20;2023-10-20;2023-10-23;2023-11-21;229.5;236.8;3.180828;-2.183112;above;2023-2024
MOX;20;2023-11-21;2023-11-22;2023-12-20;236.8;219.1;-7.474662;2.05255;above;2023-2024
MOX;20;2024-01-22;2024-01-23;2024-02-20;219.05;195.0;-10.979228;1.087524;above;2023-2024
MOX;20;2024-06-25;2024-06-26;2024-07-24;215.0;213.0;-0.930233;2.134685;above;2023-2024
MOX;20;2024-07-24;2024-07-25;2024-08-28;210.0;213.3;1.571429;1.814628;above;2023-2024
MOX;20;2024-11-29;2024-12-02;2024-12-30;250.0;245.05;-1.98;0.002106;above;2023-2024
MOX;20;2025-01-30;2025-01-31;2025-02-28;458.65;440.0;-4.066281;2.927032;above;2025+
MOX;20;2025-04-02;2025-04-03;2025-05-02;464.4;442.1;-4.801895;1.45118;above;2025+
MOX;20;2025-08-04;2025-08-05;2025-09-08;424.9;419.0;-1.388562;2.373854;above;2025+
MOX;20;2025-12-08;2025-12-09;2026-01-07;420.0;405.0;-3.571429;5.345772;above;2025+
MOX;20;2026-08-13;2026-08-17;2026-09-30;394.0;394.95;0.241117;-5.846596;above;2025+
MOX;60;2023-10-20;2023-10-23;2024-01-18;229.5;219.8;-4.22658;3.292678;above;2023-2024
MOX;60;2024-07-16;2024-07-17;2024-10-17;213.0;225.0;5.633803;3.973828;above;2023-2024
MOX;60;2025-01-16;2025-01-17;2025-04-15;276.0;422.0;52.898551;6.46115;above;2025+
MOX;60;2026-01-12;2026-01-13;2026-04-10;411.95;387.0;-6.05656;-4.821718;above;2025+
MRL;5;2024-01-08;2024-01-09;2024-01-17;381.55;381.55;0.0;1.266745;above;2023-2024
MRL;5;2024-01-17;2024-01-18;2024-01-25;381.55;357.25;-6.368759;0.301186;above;2023-2024
MRL;5;2024-02-20;2024-02-21;2024-02-28;378.4;363.0;-4.069767;1.331642;above;2023-2024
MRL;5;2024-03-07;2024-03-08;2024-03-15;369.95;363.25;-1.811056;1.210308;above;2023-2024
MRL;5;2024-04-02;2024-04-03;2024-04-15;385.0;386.95;0.506494;2.11738;above;2023-2024
MRL;5;2024-04-15;2024-04-16;2024-04-23;386.95;386.95;0.0;-0.865642;above;2023-2024
MRL;5;2024-04-23;2024-04-24;2024-05-02;386.95;386.95;0.0;0.313299;above;2023-2024
MRL;5;2024-05-02;2024-05-03;2024-05-10;386.95;365.0;-5.672568;0.921702;above;2023-2024
MRL;5;2024-06-05;2024-06-06;2024-06-13;414.45;414.45;0.0;-0.416116;above;2023-2024
MRL;5;2024-06-13;2024-06-14;2024-06-25;414.45;414.45;0.0;1.881824;above;2023-2024
MRL;5;2024-06-25;2024-06-26;2024-07-03;414.45;414.45;0.0;-1.103992;above;2023-2024
MRL;5;2024-07-03;2024-07-04;2024-07-11;414.45;414.45;0.0;1.040568;above;2023-2024
MRL;5;2024-08-16;2024-08-19;2024-08-28;415.0;420.0;1.204819;-0.041612;above;2023-2024
MRL;5;2024-08-28;2024-08-29;2024-09-05;420.0;376.05;-10.464286;-0.205668;above;2023-2024
MRL;5;2024-10-21;2024-10-22;2024-10-29;392.15;399.0;1.746781;1.153404;above;2023-2024
MRL;5;2024-10-29;2024-10-30;2024-11-07;399.0;399.0;0.0;2.153033;above;2023-2024
MRL;5;2024-11-07;2024-11-08;2024-11-15;399.0;399.0;0.0;1.358706;above;2023-2024
MRL;5;2024-11-15;2024-11-19;2024-11-26;399.0;399.0;0.0;-1.102039;above;2023-2024
MRL;5;2025-02-12;2025-02-13;2025-02-20;388.0;387.0;-0.257732;3.385325;above;2025+
MRL;5;2025-02-20;2025-02-21;2025-02-28;387.0;386.0;-0.258398;-0.707949;above;2025+
MRL;5;2025-02-28;2025-03-03;2025-03-10;386.0;374.0;-3.108808;-1.243798;above;2025+
MRL;5;2025-04-07;2025-04-08;2025-04-15;394.0;393.0;-0.253807;3.506814;above;2025+
MRL;5;2025-04-15;2025-04-16;2025-04-23;393.0;373.1;-5.063613;0.582511;above;2025+
MRL;5;2025-05-12;2025-05-13;2025-05-20;390.0;375.0;-3.846154;-0.047324;above;2025+
MRL;5;2025-07-11;2025-07-14;2025-07-21;393.9;358.0;-9.113988;1.351991;above;2025+
MRL;5;2025-08-18;2025-08-19;2025-08-28;386.8;399.0;3.154085;2.643586;above;2025+
MRL;5;2025-08-28;2025-08-29;2025-09-08;400.0;385.0;-3.75;-0.071903;above;2025+
MRL;5;2025-09-24;2025-09-25;2025-10-02;388.0;355.05;-8.492268;-4.992012;above;2025+
MRL;5;2025-10-20;2025-10-21;2025-10-28;379.0;382.0;0.791557;0.365781;above;2025+
MRL;5;2025-10-28;2025-10-29;2025-11-05;365.75;382.0;4.442925;-0.48965;above;2025+
MRL;5;2025-11-05;2025-11-07;2025-11-14;360.15;379.8;5.45606;-3.232598;above;2025+
MRL;5;2025-11-14;2025-11-17;2025-11-25;379.8;351.0;-7.582938;-0.613156;above;2025+
MRL;5;2025-12-19;2025-12-22;2025-12-29;383.55;360.0;-6.140008;-2.931357;above;2025+
MRL;5;2026-01-07;2026-01-08;2026-01-16;361.0;378.0;4.709141;-0.968678;above;2025+
MRL;5;2026-01-16;2026-01-19;2026-01-26;379.5;379.5;0.0;-3.277925;above;2025+
MRL;5;2026-01-26;2026-01-27;2026-02-03;378.0;359.0;-5.026455;-0.948094;below;2025+
MRL;5;2026-04-14;2026-04-15;2026-04-22;367.75;367.75;0.0;2.212452;below;2025+
MRL;5;2026-04-22;2026-04-23;2026-04-30;367.75;381.9;3.847723;-2.901533;above;2025+
MRL;5;2026-04-30;2026-05-04;2026-05-11;381.9;370.0;-3.115999;0.825337;below;2025+
MRL;5;2026-05-11;2026-05-12;2026-05-19;370.0;370.0;0.0;-2.729843;above;2025+
MRL;5;2026-06-09;2026-06-10;2026-06-18;370.0;350.25;-5.337838;1.186217;below;2025+
MRL;5;2026-07-22;2026-07-23;2026-07-31;365.0;365.0;0.0;0.999598;below;2025+
MRL;5;2026-07-31;2026-08-03;2026-08-10;365.0;366.0;0.273973;5.347486;below;2025+
MRL;5;2026-08-10;2026-08-11;2026-08-19;366.0;379.0;3.551913;1.543056;above;2025+
MRL;5;2026-08-19;2026-08-24;2026-09-02;389.55;389.55;0.0;-3.170803;above;2025+
MRL;20;2024-01-22;2024-01-23;2024-02-20;380.0;378.4;-0.421053;1.087524;above;2023-2024
MRL;20;2024-02-20;2024-02-21;2024-03-20;378.4;363.25;-4.0037;0.003318;above;2023-2024
MRL;20;2024-04-23;2024-04-24;2024-05-23;386.95;365.0;-5.672568;0.709949;above;2023-2024
MRL;20;2024-06-25;2024-06-26;2024-07-24;414.45;414.45;0.0;2.134685;above;2023-2024
MRL;20;2024-08-28;2024-08-29;2024-09-30;420.0;370.0;-11.904762;3.141424;above;2023-2024
MRL;20;2024-10-29;2024-10-30;2024-11-29;399.0;399.0;0.0;4.617721;above;2023-2024
MRL;20;2025-02-28;2025-03-03;2025-04-02;386.0;373.8;-3.160622;5.259848;above;2025+
MRL;20;2025-11-05;2025-11-07;2025-12-08;360.15;352.0;-2.262946;-4.125615;above;2025+
MRL;20;2026-01-07;2026-01-08;2026-02-06;361.0;370.95;2.756233;-5.578009;above;2025+
MRL;20;2026-02-06;2026-02-09;2026-03-09;371.0;357.0;-3.773585;-9.844118;below;2025+
MRL;20;2026-04-09;2026-04-10;2026-05-11;368.95;370.0;0.284591;2.187631;below;2025+
MRL;20;2026-05-11;2026-05-12;2026-06-12;370.0;370.0;0.0;-4.38936;above;2025+
MRL;60;2024-01-18;2024-01-19;2024-04-17;381.55;386.95;1.41528;5.516739;above;2023-2024
MRL;60;2024-04-17;2024-04-18;2024-07-16;386.95;414.45;7.106861;0.005128;above;2023-2024
MRL;60;2025-04-15;2025-04-16;2025-07-14;393.0;393.9;0.229008;10.488766;above;2025+
MRL;60;2025-07-14;2025-07-15;2025-10-14;378.0;356.2;-5.767196;-2.803135;above;2025+
MRL;60;2026-04-10;2026-04-13;2026-07-13;347.05;340.0;-2.031408;-2.727012;below;2025+
MSA;5;2024-07-29;2024-07-31;2024-08-07;375.0;374.95;-0.013333;-1.453699;above;2023-2024
MSA;5;2024-08-07;2024-08-08;2024-08-16;374.95;374.0;-0.253367;0.705314;above;2023-2024
MSA;5;2024-08-16;2024-08-19;2024-08-28;371.15;375.15;1.077731;-0.041612;above;2023-2024
MSA;5;2024-08-28;2024-08-29;2024-09-05;379.0;390.0;2.902375;-0.205668;above;2023-2024
MSA;5;2024-09-05;2024-09-06;2024-09-13;389.0;398.0;2.313625;0.629486;above;2023-2024
MSA;5;2024-09-13;2024-09-18;2024-09-25;402.0;405.0;0.746269;1.38181;above;2023-2024
MSA;5;2024-09-25;2024-09-26;2024-10-03;427.8;447.0;4.488079;-1.500768;above;2023-2024
MSA;5;2024-10-03;2024-10-04;2024-10-11;442.0;430.0;-2.714932;-0.461776;above;2023-2024
MSA;5;2024-10-11;2024-10-14;2024-10-21;425.0;432.9;1.858824;0.224007;above;2023-2024
MSA;5;2024-10-21;2024-10-22;2024-10-29;433.45;467.0;7.740224;1.153404;above;2023-2024
MSA;5;2024-10-29;2024-10-30;2024-11-07;464.9;484.0;4.10841;2.153033;above;2023-2024
MSA;5;2024-11-07;2024-11-08;2024-11-15;500.0;540.0;8.0;1.358706;above;2023-2024
MSA;5;2024-11-15;2024-11-19;2024-11-26;557.0;546.0;-1.974865;-1.102039;above;2023-2024
MSA;5;2024-11-26;2024-11-27;2024-12-04;555.0;540.0;-2.702703;-1.016638;above;2023-2024
MSA;5;2024-12-04;2024-12-05;2024-12-12;535.0;527.0;-1.495327;-1.36814;above;2023-2024
MSA;5;2024-12-30;2024-12-31;2025-01-08;536.0;610.1;13.824627;6.433952;above;2023-2024
MSA;5;2025-01-08;2025-01-09;2025-01-17;609.0;605.0;-0.656814;1.111537;above;2025+
MSA;5;2025-01-17;2025-01-20;2025-01-27;604.0;599.0;-0.827815;-0.518191;above;2025+
MSA;5;2025-01-27;2025-01-28;2025-02-04;602.0;605.0;0.498339;2.096435;above;2025+
MSA;5;2025-02-04;2025-02-05;2025-02-12;602.8;611.8;1.493033;1.082031;above;2025+
MSA;5;2025-02-12;2025-02-13;2025-02-20;609.0;700.0;14.942529;3.385325;above;2025+
MSA;5;2025-02-20;2025-02-21;2025-02-28;725.9;729.0;0.427056;-0.707949;above;2025+
MSA;5;2025-02-28;2025-03-03;2025-03-10;720.0;710.0;-1.388889;-1.243798;above;2025+
MSA;5;2025-03-10;2025-03-11;2025-03-18;706.0;730.0;3.399433;2.201264;above;2025+
MSA;5;2025-03-18;2025-03-19;2025-03-26;749.6;736.1;-1.800961;2.18077;above;2025+
MSA;5;2025-03-26;2025-03-27;2025-04-07;740.0;691.4;-6.567568;-7.565294;above;2025+
MSA;5;2025-04-23;2025-04-24;2025-05-02;735.0;743.0;1.088435;1.210679;above;2025+
MSA;5;2025-05-02;2025-05-05;2025-05-12;736.1;775.0;5.284608;3.417173;above;2025+
MSA;5;2025-05-12;2025-05-13;2025-05-20;774.0;789.0;1.937984;-0.047324;above;2025+
MSA;5;2025-05-20;2025-05-21;2025-05-28;772.1;804.9;4.248154;-0.160827;above;2025+
MSA;5;2025-05-28;2025-05-29;2025-06-05;800.2;863.0;7.848038;4.293588;above;2025+
MSA;5;2025-06-05;2025-06-06;2025-06-16;855.1;837.0;-2.116711;-2.067936;above;2025+
MSA;5;2025-06-16;2025-06-17;2025-06-24;837.0;838.5;0.179211;0.805205;above;2025+
MSA;5;2025-06-24;2025-06-25;2025-07-03;846.7;850.0;0.389748;1.003985;above;2025+
MSA;5;2025-07-03;2025-07-04;2025-07-11;859.0;888.0;3.376019;1.877352;above;2025+
MSA;5;2025-07-11;2025-07-14;2025-07-21;879.5;872.0;-0.852757;1.351991;above;2025+
MSA;5;2025-07-21;2025-07-22;2025-07-29;879.0;883.0;0.455063;1.321397;above;2025+
MSA;5;2025-07-29;2025-07-31;2025-08-07;909.0;911.9;0.319032;0.734102;above;2025+
MSA;5;2025-08-07;2025-08-08;2025-08-18;913.0;942.8;3.263965;-0.371719;above;2025+
MSA;5;2025-08-18;2025-08-19;2025-08-28;930.0;987.5;6.182796;2.643586;above;2025+
MSA;5;2025-08-28;2025-08-29;2025-09-08;972.0;997.0;2.572016;-0.071903;above;2025+
MSA;5;2025-09-08;2025-09-09;2025-09-16;970.0;972.1;0.216495;0.640429;above;2025+
MSA;5;2025-09-16;2025-09-17;2025-09-24;970.1;972.3;0.226781;0.15863;above;2025+
MSA;5;2025-10-28;2025-10-29;2025-11-05;998.0;990.0;-0.801603;-0.48965;above;2025+
MSA;5;2025-11-05;2025-11-07;2025-11-14;979.9;960.0;-2.030819;-3.232598;above;2025+
MSA;5;2025-11-25;2025-11-26;2025-12-03;980.0;951.5;-2.908163;-0.882788;above;2025+
MSA;5;2025-12-19;2025-12-22;2025-12-29;974.0;937.0;-3.798768;-2.931357;above;2025+
MSA;5;2026-01-07;2026-01-08;2026-01-16;973.0;954.9;-1.860226;-0.968678;above;2025+
MSA;5;2026-04-14;2026-04-15;2026-04-22;844.0;890.0;5.450237;2.212452;below;2025+
MSA;5;2026-04-22;2026-04-23;2026-04-30;885.0;835.0;-5.649718;-2.901533;above;2025+
MSA;5;2026-05-11;2026-05-12;2026-05-19;859.9;817.0;-4.988952;-2.729843;above;2025+
MSA;20;2024-07-24;2024-07-25;2024-08-28;368.0;375.15;1.942935;1.814628;above;2023-2024
MSA;20;2024-08-28;2024-08-29;2024-09-30;379.0;472.0;24.538259;3.141424;above;2023-2024
MSA;20;2024-09-30;2024-10-01;2024-10-29;458.0;467.0;1.965066;0.326447;above;2023-2024
MSA;20;2024-10-29;2024-10-30;2024-11-29;464.9;548.6;18.003872;4.617721;above;2023-2024
MSA;20;2024-11-29;2024-12-02;2024-12-30;541.1;536.0;-0.942524;0.002106;above;2023-2024
MSA;20;2024-12-30;2024-12-31;2025-01-30;536.0;609.0;13.619403;10.636498;above;2023-2024
MSA;20;2025-01-30;2025-01-31;2025-02-28;605.8;729.0;20.336745;2.927032;above;2025+
MSA;20;2025-02-28;2025-03-03;2025-04-02;720.0;750.0;4.166667;5.259848;above;2025+
MSA;20;2025-04-02;2025-04-03;2025-05-02;735.0;743.0;1.088435;1.45118;above;2025+
MSA;20;2025-05-02;2025-05-05;2025-06-02;736.1;840.0;14.11493;4.335439;above;2025+
MSA;20;2025-06-02;2025-06-03;2025-07-03;863.0;850.0;-1.506373;1.444803;above;2025+
MSA;20;2025-07-03;2025-07-04;2025-08-04;859.0;907.0;5.587893;4.819019;above;2025+
MSA;20;2025-08-04;2025-08-05;2025-09-08;906.0;997.0;10.04415;2.373854;above;2025+
MSA;20;2025-09-08;2025-09-09;2025-10-07;970.0;950.0;-2.061856;-2.754683;above;2025+
MSA;20;2025-11-05;2025-11-07;2025-12-08;979.9;935.0;-4.5821;-4.125615;above;2025+
MSA;20;2026-01-07;2026-01-08;2026-02-06;973.0;901.0;-7.399794;-5.578009;above;2025+
MSA;20;2026-05-11;2026-05-12;2026-06-12;859.9;815.0;-5.221537;-4.38936;above;2025+
MSA;60;2024-10-17;2024-10-18;2025-01-16;432.2;605.0;39.98149;14.206527;above;2023-2024
MSA;60;2025-01-16;2025-01-17;2025-04-15;605.0;720.0;19.008264;6.46115;above;2025+
MSA;60;2025-07-14;2025-07-15;2025-10-14;875.0;919.0;5.028571;-2.803135;above;2025+
MSA;60;2026-01-12;2026-01-13;2026-04-10;970.0;832.0;-14.226804;-4.821718;above;2025+
MUT;5;2023-12-12;2023-12-13;2023-12-20;256.5;255.0;-0.584795;1.08122;above;2023-2024
MUT;5;2023-12-20;2023-12-21;2023-12-28;252.0;244.0;-3.174603;-1.11805;above;2023-2024
MUT;5;2024-01-08;2024-01-09;2024-01-17;252.1;260.0;3.133677;1.266745;above;2023-2024
MUT;5;2024-01-17;2024-01-18;2024-01-25;274.9;268.0;-2.510004;0.301186;above;2023-2024
MUT;5;2024-01-25;2024-01-26;2024-02-02;270.0;270.0;0.0;-1.08766;above;2023-2024
MUT;5;2024-02-02;2024-02-05;2024-02-12;270.0;270.1;0.037037;1.974271;above;2023-2024
MUT;5;2024-04-15;2024-04-16;2024-04-23;275.0;268.0;-2.545455;-0.865642;above;2023-2024
MUT;5;2024-04-23;2024-04-24;2024-05-02;268.5;265.0;-1.303538;0.313299;above;2023-2024
MUT;5;2024-05-28;2024-05-29;2024-06-05;273.35;270.0;-1.225535;-2.205187;above;2023-2024
MUT;5;2024-06-05;2024-06-06;2024-06-13;268.05;269.95;0.708823;-0.416116;above;2023-2024
MUT;5;2024-06-25;2024-06-26;2024-07-03;270.5;261.0;-3.512015;-1.103992;above;2023-2024
MUT;5;2024-07-11;2024-07-12;2024-07-19;273.0;263.8;-3.369963;0.785092;above;2023-2024
MUT;5;2024-08-28;2024-08-29;2024-09-05;270.0;283.5;5.0;-0.205668;above;2023-2024
MUT;5;2024-09-05;2024-09-06;2024-09-13;285.05;310.0;8.75285;0.629486;above;2023-2024
MUT;5;2024-09-13;2024-09-18;2024-09-25;312.95;309.0;-1.262182;1.38181;above;2023-2024
MUT;5;2024-09-25;2024-09-26;2024-10-03;302.6;300.0;-0.85922;-1.500768;above;2023-2024
MUT;5;2024-10-11;2024-10-14;2024-10-21;310.0;300.0;-3.225806;0.224007;above;2023-2024
MUT;5;2024-10-29;2024-10-30;2024-11-07;300.5;308.5;2.66223;2.153033;above;2023-2024
MUT;5;2024-11-07;2024-11-08;2024-11-15;310.05;298.5;-3.725206;1.358706;above;2023-2024
MUT;5;2024-12-20;2024-12-23;2024-12-30;301.0;302.0;0.332226;-0.008288;above;2023-2024
MUT;5;2024-12-30;2024-12-31;2025-01-08;304.0;317.0;4.276316;6.433952;above;2023-2024
MUT;5;2025-01-08;2025-01-09;2025-01-17;322.5;335.0;3.875969;1.111537;above;2025+
MUT;5;2025-01-17;2025-01-20;2025-01-27;338.5;328.0;-3.10192;-0.518191;above;2025+
MUT;5;2025-01-27;2025-01-28;2025-02-04;329.0;329.95;0.288754;2.096435;above;2025+
MUT;5;2025-02-04;2025-02-05;2025-02-12;330.0;335.0;1.515152;1.082031;above;2025+
MUT;5;2025-02-12;2025-02-13;2025-02-20;340.0;340.0;0.0;3.385325;above;2025+
MUT;5;2025-02-20;2025-02-21;2025-02-28;330.0;310.0;-6.060606;-0.707949;above;2025+
MUT;5;2025-06-05;2025-06-06;2025-06-16;298.0;296.05;-0.654362;-2.067936;above;2025+
MUT;5;2025-06-24;2025-06-25;2025-07-03;301.5;293.0;-2.819237;1.003985;above;2025+
MUT;5;2025-07-21;2025-07-22;2025-07-29;292.25;291.0;-0.427716;1.321397;above;2025+
MUT;5;2025-08-28;2025-08-29;2025-09-08;299.0;296.0;-1.003344;-0.071903;above;2025+
MUT;5;2025-09-08;2025-09-09;2025-09-16;281.0;289.0;2.846975;0.640429;above;2025+
MUT;5;2026-02-11;2026-02-12;2026-02-19;257.5;260.0;0.970874;0.488806;below;2025+
MUT;5;2026-02-19;2026-02-20;2026-02-27;258.0;243.0;-5.813953;-2.997106;below;2025+
MUT;5;2026-04-22;2026-04-23;2026-04-30;244.95;242.5;-1.000204;-2.901533;above;2025+
MUT;5;2026-04-30;2026-05-04;2026-05-11;240.1;241.8;0.708038;0.825337;below;2025+
MUT;5;2026-06-26;2026-06-29;2026-07-06;237.05;238.0;0.400759;1.926042;below;2025+
MUT;5;2026-07-06;2026-07-07;2026-07-14;235.0;229.0;-2.553191;-2.251157;below;2025+
MUT;5;2026-08-10;2026-08-11;2026-08-19;243.8;241.0;-1.148482;1.543056;above;2025+
MUT;5;2026-08-19;2026-08-24;2026-09-02;240.0;239.05;-0.395833;-3.170803;above;2025+
MUT;5;2026-09-02;2026-09-03;2026-09-22;236.0;224.0;-5.084746;-3.386329;above;2025+
MUT;20;2023-12-20;2023-12-21;2024-01-22;252.0;275.0;9.126984;4.414988;above;2023-2024
MUT;20;2024-01-22;2024-01-23;2024-02-20;273.15;269.0;-1.519312;1.087524;above;2023-2024
MUT;20;2024-04-23;2024-04-24;2024-05-23;268.5;273.0;1.675978;0.709949;above;2023-2024
MUT;20;2024-05-23;2024-05-24;2024-06-25;273.5;271.9;-0.585009;0.293328;above;2023-2024
MUT;20;2024-06-25;2024-06-26;2024-07-24;270.5;263.25;-2.680222;2.134685;above;2023-2024
MUT;20;2024-08-28;2024-08-29;2024-09-30;270.0;299.0;10.740741;3.141424;above;2023-2024
MUT;20;2024-09-30;2024-10-01;2024-10-29;304.4;303.0;-0.459921;0.326447;above;2023-2024
MUT;20;2024-10-29;2024-10-30;2024-11-29;300.5;290.5;-3.327787;4.617721;above;2023-2024
MUT;20;2024-12-30;2024-12-31;2025-01-30;304.0;330.0;8.552632;10.636498;above;2023-2024
MUT;20;2025-01-30;2025-01-31;2025-02-28;330.0;310.0;-6.060606;2.927032;above;2025+
MUT;20;2025-09-08;2025-09-09;2025-10-07;281.0;275.0;-2.135231;-2.754683;above;2025+
MUT;20;2026-08-13;2026-08-17;2026-09-30;242.0;222.5;-8.057851;-5.846596;above;2025+
MUT;60;2024-01-18;2024-01-19;2024-04-17;276.0;273.0;-1.086957;5.516739;above;2023-2024
MUT;60;2024-04-17;2024-04-18;2024-07-16;270.0;263.6;-2.37037;0.005128;above;2023-2024
MUT;60;2025-01-16;2025-01-17;2025-04-15;335.0;301.5;-10.0;6.46115;above;2025+
NEJ;5;2023-10-20;2023-10-23;2023-10-30;2206.0;2206.0;0.0;-2.602436;above;2023-2024
NEJ;5;2023-10-30;2023-10-31;2023-11-08;2206.0;2206.0;0.0;-0.503259;above;2023-2024
NEJ;5;2023-11-08;2023-11-09;2023-11-16;2206.0;2206.0;0.0;0.192435;above;2023-2024
NEJ;5;2023-11-16;2023-11-17;2023-11-24;2206.0;2206.0;0.0;0.08462;above;2023-2024
NEJ;5;2023-12-20;2023-12-21;2023-12-28;2470.0;2470.0;0.0;-1.11805;above;2023-2024
NEJ;5;2023-12-28;2023-12-29;2024-01-08;2470.0;2323.0;-5.951417;2.390994;above;2023-2024
NEJ;5;2024-07-11;2024-07-12;2024-07-19;2068.0;2068.0;0.0;0.785092;above;2023-2024
NEJ;5;2024-07-19;2024-07-22;2024-07-29;2068.0;2068.0;0.0;2.172993;above;2023-2024
NEJ;5;2024-07-29;2024-07-31;2024-08-07;2068.0;2068.0;0.0;-1.453699;above;2023-2024
NEJ;5;2025-06-05;2025-06-06;2025-06-16;2064.0;2064.0;0.0;-2.067936;above;2025+
NEJ;5;2025-06-16;2025-06-17;2025-06-24;2064.0;2064.0;0.0;0.805205;above;2025+
NEJ;5;2025-06-24;2025-06-25;2025-07-03;2064.0;2064.0;0.0;1.003985;above;2025+
NEJ;5;2025-07-29;2025-07-31;2025-08-07;2187.0;2187.0;0.0;0.734102;above;2025+
NEJ;5;2025-08-07;2025-08-08;2025-08-18;2187.0;2187.0;0.0;-0.371719;above;2025+
NEJ;5;2025-08-18;2025-08-19;2025-08-28;2187.0;2187.0;0.0;2.643586;above;2025+
NEJ;5;2025-10-02;2025-10-03;2025-10-10;3285.0;3680.0;12.024353;-1.438934;above;2025+
NEJ;5;2025-10-10;2025-10-13;2025-10-20;3680.0;4122.0;12.01087;1.402054;above;2025+
NEJ;5;2025-10-20;2025-10-21;2025-10-28;4360.0;4601.0;5.527523;0.365781;above;2025+
NEJ;5;2025-10-28;2025-10-29;2025-11-05;4870.0;4600.0;-5.544148;-0.48965;above;2025+
NEJ;5;2025-11-05;2025-11-07;2025-11-14;4875.0;4700.0;-3.589744;-3.232598;above;2025+
NEJ;5;2025-11-14;2025-11-17;2025-11-25;4421.0;4400.0;-0.475006;-0.613156;above;2025+
NEJ;5;2025-12-11;2025-12-12;2025-12-19;4500.0;4600.0;2.222222;2.002477;above;2025+
NEJ;5;2025-12-19;2025-12-22;2025-12-29;4600.0;4326.0;-5.956522;-2.931357;above;2025+
NEJ;5;2026-02-27;2026-03-02;2026-03-09;4585.0;4585.0;0.0;-4.853715;below;2025+
NEJ;5;2026-03-09;2026-03-10;2026-03-17;4585.0;4585.0;0.0;0.962818;below;2025+
NEJ;5;2026-03-17;2026-03-18;2026-03-27;4585.0;4585.0;0.0;-1.660871;below;2025+
NEJ;5;2026-06-09;2026-06-10;2026-06-18;4834.0;4834.0;0.0;1.186217;below;2025+
NEJ;5;2026-06-18;2026-06-19;2026-06-26;4834.0;4834.0;0.0;-1.804636;below;2025+
NEJ;5;2026-06-26;2026-06-29;2026-07-06;4834.0;5100.0;5.502689;1.926042;below;2025+
NEJ;5;2026-07-06;2026-07-07;2026-07-14;5100.0;5100.0;0.0;-2.251157;below;2025+
NEJ;5;2026-07-14;2026-07-15;2026-07-22;5100.0;5400.0;5.882353;-0.918575;below;2025+
NEJ;5;2026-07-22;2026-07-23;2026-07-31;5400.0;5400.0;0.0;0.999598;below;2025+
NEJ;5;2026-07-31;2026-08-03;2026-08-10;5400.0;5600.0;3.703704;5.347486;below;2025+
NEJ;5;2026-08-10;2026-08-11;2026-08-19;5600.0;5303.0;-5.303571;1.543056;above;2025+
NEJ;20;2023-10-20;2023-10-23;2023-11-21;2206.0;2206.0;0.0;-2.183112;above;2023-2024
NEJ;20;2023-12-20;2023-12-21;2024-01-22;2470.0;2300.0;-6.882591;4.414988;above;2023-2024
NEJ;20;2024-07-24;2024-07-25;2024-08-28;2068.0;2068.0;0.0;1.814628;above;2023-2024
NEJ;20;2025-08-04;2025-08-05;2025-09-08;2187.0;2187.0;0.0;2.373854;above;2025+
NEJ;20;2025-10-07;2025-10-08;2025-11-05;3285.0;4600.0;40.030441;2.880201;above;2025+
NEJ;20;2025-11-05;2025-11-07;2025-12-08;4875.0;4300.0;-11.794872;-4.125615;above;2025+
NEJ;20;2026-03-09;2026-03-10;2026-04-09;4585.0;4585.0;0.0;6.866219;below;2025+
NEJ;20;2026-06-12;2026-06-15;2026-07-14;4834.0;5100.0;5.502689;-5.010603;below;2025+
NEJ;20;2026-07-14;2026-07-15;2026-08-13;5100.0;5303.0;3.980392;5.240118;below;2025+
NEJ;60;2023-10-20;2023-10-23;2024-01-18;2206.0;2300.0;4.261106;3.292678;above;2023-2024
NEJ;60;2024-07-16;2024-07-17;2024-10-17;2068.0;2068.0;0.0;3.973828;above;2023-2024
NEJ;60;2025-10-14;2025-10-15;2026-01-12;3672.0;4326.0;17.810458;7.238795;above;2025+
PPM;5;2023-12-04;2023-12-05;2023-12-12;1020.0;960.0;-5.882353;2.005016;above;2023-2024
PPM;5;2023-12-28;2023-12-29;2024-01-08;1000.0;940.0;-6.0;2.390994;above;2023-2024
PPM;5;2024-01-25;2024-01-26;2024-02-02;999.0;999.0;0.0;-1.08766;above;2023-2024
PPM;5;2024-02-02;2024-02-05;2024-02-12;951.0;951.0;0.0;1.974271;above;2023-2024
PPM;5;2024-02-20;2024-02-21;2024-02-28;1000.0;970.0;-3.0;1.331642;above;2023-2024
PPM;5;2024-05-02;2024-05-03;2024-05-10;985.7;946.0;-4.027595;0.921702;above;2023-2024
PPM;5;2024-06-05;2024-06-06;2024-06-13;984.0;934.0;-5.081301;-0.416116;above;2023-2024
PPM;5;2024-08-16;2024-08-19;2024-08-28;1060.0;1110.0;4.716981;-0.041612;above;2023-2024
PPM;5;2024-08-28;2024-08-29;2024-09-05;1087.0;1070.0;-1.563937;-0.205668;above;2023-2024
PPM;5;2024-09-05;2024-09-06;2024-09-13;1070.0;1100.0;2.803738;0.629486;above;2023-2024
PPM;5;2024-09-13;2024-09-18;2024-09-25;1149.0;1095.0;-4.699739;1.38181;above;2023-2024
PPM;5;2024-09-25;2024-09-26;2024-10-03;1095.0;1099.0;0.365297;-1.500768;above;2023-2024
PPM;5;2024-10-03;2024-10-04;2024-10-11;1080.0;1076.0;-0.37037;-0.461776;above;2023-2024
PPM;5;2024-12-12;2024-12-13;2024-12-20;1000.0;950.0;-5.0;0.11316;above;2023-2024
PPM;5;2025-01-08;2025-01-09;2025-01-17;990.0;960.0;-3.030303;1.111537;above;2025+
PPM;5;2025-01-17;2025-01-20;2025-01-27;960.0;990.0;3.125;-0.518191;above;2025+
PPM;5;2025-01-27;2025-01-28;2025-02-04;990.0;977.0;-1.313131;2.096435;above;2025+
PPM;5;2025-02-12;2025-02-13;2025-02-20;1034.0;1034.0;0.0;3.385325;above;2025+
PPM;5;2025-02-20;2025-02-21;2025-02-28;977.2;978.1;0.0921;-0.707949;above;2025+
PPM;5;2025-03-18;2025-03-19;2025-03-26;995.0;970.0;-2.512563;2.18077;above;2025+
PPM;5;2025-04-23;2025-04-24;2025-05-02;950.0;958.0;0.842105;1.210679;above;2025+
PPM;5;2025-05-12;2025-05-13;2025-05-20;1174.0;1170.0;-0.340716;-0.047324;above;2025+
PPM;5;2025-05-20;2025-05-21;2025-05-28;1170.0;1140.0;-2.564103;-0.160827;above;2025+
PPM;5;2025-05-28;2025-05-29;2025-06-05;1140.0;1105.0;-3.070175;4.293588;above;2025+
PPM;5;2025-07-21;2025-07-22;2025-07-29;1138.0;1150.0;1.054482;1.321397;above;2025+
PPM;5;2025-07-29;2025-07-31;2025-08-07;1120.0;1390.0;24.107143;0.734102;above;2025+
PPM;5;2025-08-07;2025-08-08;2025-08-18;1390.0;1476.0;6.18705;-0.371719;above;2025+
PPM;5;2025-08-18;2025-08-19;2025-08-28;1476.0;1303.0;-11.720867;2.643586;above;2025+
PPM;5;2025-09-08;2025-09-09;2025-09-16;1430.0;1430.0;0.0;0.640429;above;2025+
PPM;5;2025-09-16;2025-09-17;2025-09-24;1430.0;1420.0;-0.699301;0.15863;above;2025+
PPM;5;2025-09-24;2025-09-25;2025-10-02;1420.0;1399.0;-1.478873;-4.992012;above;2025+
PPM;5;2025-10-28;2025-10-29;2025-11-05;1399.0;1425.0;1.85847;-0.48965;above;2025+
PPM;5;2025-11-05;2025-11-07;2025-11-14;1380.0;1589.0;15.144928;-3.232598;above;2025+
PPM;5;2025-11-14;2025-11-17;2025-11-25;1589.0;1589.0;0.0;-0.613156;above;2025+
PPM;5;2025-11-25;2025-11-26;2025-12-03;1589.0;1589.0;0.0;-0.882788;above;2025+
PPM;5;2025-12-03;2025-12-04;2025-12-11;1589.0;1537.0;-3.272498;0.611924;above;2025+
PPM;5;2026-06-18;2026-06-19;2026-06-26;1400.0;1349.0;-3.642857;-1.804636;below;2025+
PPM;5;2026-07-22;2026-07-23;2026-07-31;1339.0;1339.0;0.0;0.999598;below;2025+
PPM;20;2024-01-22;2024-01-23;2024-02-20;999.0;1000.0;0.1001;1.087524;above;2023-2024
PPM;20;2024-02-20;2024-02-21;2024-03-20;1000.0;970.0;-3.0;0.003318;above;2023-2024
PPM;20;2024-08-28;2024-08-29;2024-09-30;1087.0;1150.0;5.795768;3.141424;above;2023-2024
PPM;20;2024-09-30;2024-10-01;2024-10-29;1100.0;920.0;-16.363636;0.326447;above;2023-2024
PPM;20;2025-01-30;2025-01-31;2025-02-28;977.0;978.1;0.11259;2.927032;above;2025+
PPM;20;2025-04-02;2025-04-03;2025-05-02;1000.0;958.0;-4.2;1.45118;above;2025+
PPM;20;2025-06-02;2025-06-03;2025-07-03;1149.0;1110.0;-3.394256;1.444803;above;2025+
PPM;20;2025-08-04;2025-08-05;2025-09-08;1250.0;1430.0;14.4;2.373854;above;2025+
PPM;20;2025-09-08;2025-09-09;2025-10-07;1430.0;1399.0;-2.167832;-2.754683;above;2025+
PPM;20;2025-11-05;2025-11-07;2025-12-08;1380.0;1589.0;15.144928;-4.125615;above;2025+
PPM;20;2025-12-08;2025-12-09;2026-01-07;1589.0;1483.0;-6.670862;5.345772;above;2025+
PPM;60;2024-04-17;2024-04-18;2024-07-16;976.2;922.0;-5.552141;0.005128;above;2023-2024
RDS;5;2024-07-29;2024-07-31;2024-08-07;87.45;81.88;-6.369354;-1.453699;above;2023-2024
RDS;5;2024-08-07;2024-08-08;2024-08-16;81.2;84.5;4.064039;0.705314;above;2023-2024
RDS;5;2024-08-16;2024-08-19;2024-08-28;84.06;85.57;1.796336;-0.041612;above;2023-2024
RDS;5;2024-08-28;2024-08-29;2024-09-05;84.6;76.98;-9.007092;-0.205668;above;2023-2024
RDS;5;2024-12-12;2024-12-13;2024-12-20;78.86;76.66;-2.789754;0.11316;above;2023-2024
RDS;5;2024-12-20;2024-12-23;2024-12-30;76.98;76.75;-0.298779;-0.008288;above;2023-2024
RDS;5;2024-12-30;2024-12-31;2025-01-08;75.2;89.64;19.202128;6.433952;above;2023-2024
RDS;5;2025-01-08;2025-01-09;2025-01-17;91.0;114.6;25.934066;1.111537;above;2025+
RDS;5;2025-01-17;2025-01-20;2025-01-27;119.5;115.5;-3.34728;-0.518191;above;2025+
RDS;5;2025-01-27;2025-01-28;2025-02-04;115.6;113.1;-2.16263;2.096435;above;2025+
RDS;5;2025-02-04;2025-02-05;2025-02-12;115.0;110.0;-4.347826;1.082031;above;2025+
RDS;5;2025-02-20;2025-02-21;2025-02-28;122.0;115.2;-5.57377;-0.707949;above;2025+
RDS;5;2025-06-05;2025-06-06;2025-06-16;112.8;108.5;-3.812057;-2.067936;above;2025+
RDS;5;2025-06-16;2025-06-17;2025-06-24;110.0;123.05;11.863636;0.805205;above;2025+
RDS;5;2025-06-24;2025-06-25;2025-07-03;122.9;124.05;0.93572;1.003985;above;2025+
RDS;5;2025-07-03;2025-07-04;2025-07-11;132.0;132.0;0.0;1.877352;above;2025+
RDS;5;2025-07-11;2025-07-14;2025-07-21;131.7;146.1;10.933941;1.351991;above;2025+
RDS;5;2025-07-21;2025-07-22;2025-07-29;146.45;141.75;-3.209286;1.321397;above;2025+
RDS;5;2025-07-29;2025-07-31;2025-08-07;141.8;147.5;4.019746;0.734102;above;2025+
RDS;5;2025-08-07;2025-08-08;2025-08-18;152.7;149.85;-1.866405;-0.371719;above;2025+
RDS;5;2025-08-18;2025-08-19;2025-08-28;149.0;155.9;4.630872;2.643586;above;2025+
RDS;5;2025-08-28;2025-08-29;2025-09-08;152.0;162.05;6.611842;-0.071903;above;2025+
RDS;5;2025-09-08;2025-09-09;2025-09-16;157.9;193.9;22.79924;0.640429;above;2025+
RDS;5;2025-09-16;2025-09-17;2025-09-24;185.0;179.0;-3.243243;0.15863;above;2025+
RDS;5;2025-09-24;2025-09-25;2025-10-02;178.0;160.0;-10.11236;-4.992012;above;2025+
RDS;5;2025-10-28;2025-10-29;2025-11-05;190.0;180.0;-5.263158;-0.48965;above;2025+
RDS;5;2026-02-19;2026-02-20;2026-02-27;161.25;158.8;-1.51938;-2.997106;below;2025+
RDS;5;2026-04-14;2026-04-15;2026-04-22;161.5;160.0;-0.928793;2.212452;below;2025+
RDS;5;2026-04-22;2026-04-23;2026-04-30;167.2;165.1;-1.255981;-2.901533;above;2025+
RDS;5;2026-04-30;2026-05-04;2026-05-11;167.0;177.9;6.526946;0.825337;below;2025+
RDS;20;2024-07-24;2024-07-25;2024-08-28;82.22;85.57;4.074434;1.814628;above;2023-2024
RDS;20;2024-08-28;2024-08-29;2024-09-30;84.6;75.78;-10.425532;3.141424;above;2023-2024
RDS;20;2024-11-29;2024-12-02;2024-12-30;72.99;76.75;5.151391;0.002106;above;2023-2024
RDS;20;2024-12-30;2024-12-31;2025-01-30;75.2;116.3;54.654255;10.636498;above;2023-2024
RDS;20;2025-01-30;2025-01-31;2025-02-28;113.0;115.2;1.946903;2.927032;above;2025+
RDS;20;2025-07-03;2025-07-04;2025-08-04;132.0;141.5;7.19697;4.819019;above;2025+
RDS;20;2025-08-04;2025-08-05;2025-09-08;141.5;162.05;14.522968;2.373854;above;2025+
RDS;20;2025-09-08;2025-09-09;2025-10-07;157.9;185.9;17.732742;-2.754683;above;2025+
RDS;20;2025-10-07;2025-10-08;2025-11-05;184.0;180.0;-2.173913;2.880201;above;2025+
RDS;60;2025-01-16;2025-01-17;2025-04-15;114.6;110.5;-3.577661;6.46115;above;2025+
RDS;60;2025-07-14;2025-07-15;2025-10-14;129.0;166.9;29.379845;-2.803135;above;2025+
REB;5;2026-08-19;2026-08-24;2026-09-02;104.9;104.5;-0.381316;-3.170803;above;2025+
RIS;5;2024-07-29;2024-07-31;2024-08-07;247.0;238.0;-3.643725;-1.453699;above;2023-2024
RIS;5;2024-12-12;2024-12-13;2024-12-20;227.0;225.05;-0.859031;0.11316;above;2023-2024
RIS;5;2024-12-20;2024-12-23;2024-12-30;222.5;227.0;2.022472;-0.008288;above;2023-2024
RIS;5;2024-12-30;2024-12-31;2025-01-08;224.05;235.0;4.887302;6.433952;above;2023-2024
RIS;5;2025-01-08;2025-01-09;2025-01-17;238.2;247.0;3.694374;1.111537;above;2025+
RIS;5;2025-01-17;2025-01-20;2025-01-27;256.45;280.0;9.183077;-0.518191;above;2025+
RIS;5;2025-01-27;2025-01-28;2025-02-04;277.0;280.0;1.083032;2.096435;above;2025+
RIS;5;2025-02-04;2025-02-05;2025-02-12;280.1;300.0;7.104605;1.082031;above;2025+
RIS;5;2025-02-12;2025-02-13;2025-02-20;300.1;298.5;-0.533156;3.385325;above;2025+
RIS;5;2025-02-20;2025-02-21;2025-02-28;300.0;280.0;-6.666667;-0.707949;above;2025+
RIS;5;2025-03-10;2025-03-11;2025-03-18;296.0;300.0;1.351351;2.201264;above;2025+
RIS;5;2025-03-18;2025-03-19;2025-03-26;310.0;317.0;2.258065;2.18077;above;2025+
RIS;5;2025-03-26;2025-03-27;2025-04-07;312.0;276.0;-11.538462;-7.565294;above;2025+
RIS;5;2025-04-15;2025-04-16;2025-04-23;298.0;298.95;0.318792;0.582511;above;2025+
RIS;5;2025-04-23;2025-04-24;2025-05-02;304.95;304.0;-0.311526;1.210679;above;2025+
RIS;5;2025-05-02;2025-05-05;2025-05-12;305.0;302.0;-0.983607;3.417173;above;2025+
RIS;5;2025-05-12;2025-05-13;2025-05-20;310.0;315.0;1.612903;-0.047324;above;2025+
RIS;5;2025-05-20;2025-05-21;2025-05-28;316.0;346.9;9.778481;-0.160827;above;2025+
RIS;5;2025-05-28;2025-05-29;2025-06-05;345.5;359.0;3.907381;4.293588;above;2025+
RIS;5;2025-06-05;2025-06-06;2025-06-16;336.0;325.0;-3.27381;-2.067936;above;2025+
RIS;5;2025-07-03;2025-07-04;2025-07-11;350.0;359.0;2.571429;1.877352;above;2025+
RIS;5;2025-07-11;2025-07-14;2025-07-21;358.9;382.0;6.436333;1.351991;above;2025+
RIS;5;2025-07-21;2025-07-22;2025-07-29;385.0;374.0;-2.857143;1.321397;above;2025+
RIS;5;2025-07-29;2025-07-31;2025-08-07;374.0;365.0;-2.406417;0.734102;above;2025+
RIS;5;2025-08-18;2025-08-19;2025-08-28;385.0;405.0;5.194805;2.643586;above;2025+
RIS;5;2025-08-28;2025-08-29;2025-09-08;405.0;425.0;4.938272;-0.071903;above;2025+
RIS;5;2025-09-08;2025-09-09;2025-09-16;419.0;415.0;-0.954654;0.640429;above;2025+
RIS;5;2025-09-16;2025-09-17;2025-09-24;425.0;428.0;0.705882;0.15863;above;2025+
RIS;5;2025-09-24;2025-09-25;2025-10-02;415.2;390.0;-6.069364;-4.992012;above;2025+
RIS;5;2025-10-10;2025-10-13;2025-10-20;407.05;419.9;3.15686;1.402054;above;2025+
RIS;5;2025-10-20;2025-10-21;2025-10-28;415.85;415.0;-0.204401;0.365781;above;2025+
RIS;5;2025-10-28;2025-10-29;2025-11-05;414.0;390.05;-5.785024;-0.48965;above;2025+
RIS;5;2026-01-07;2026-01-08;2026-01-16;414.9;405.0;-2.386117;-0.968678;above;2025+
RIS;5;2026-01-16;2026-01-19;2026-01-26;405.1;391.0;-3.480622;-3.277925;above;2025+
RIS;5;2026-04-14;2026-04-15;2026-04-22;340.0;360.0;5.882353;2.212452;below;2025+
RIS;5;2026-04-22;2026-04-23;2026-04-30;360.0;352.0;-2.222222;-2.901533;above;2025+
RIS;5;2026-04-30;2026-05-04;2026-05-11;348.6;344.9;-1.061388;0.825337;below;2025+
RIS;5;2026-06-01;2026-06-02;2026-06-09;332.0;336.0;1.204819;-0.418438;above;2025+
RIS;5;2026-09-22;2026-09-23;2026-09-30;322.2;319.95;-0.698324;-1.705413;below;2025+
RIS;20;2024-07-24;2024-07-25;2024-08-28;250.0;237.5;-5.0;1.814628;above;2023-2024
RIS;20;2024-12-30;2024-12-31;2025-01-30;224.05;280.0;24.972104;10.636498;above;2023-2024
RIS;20;2025-01-30;2025-01-31;2025-02-28;276.0;280.0;1.449275;2.927032;above;2025+
RIS;20;2025-05-02;2025-05-05;2025-06-02;305.0;338.0;10.819672;4.335439;above;2025+
RIS;20;2025-06-02;2025-06-03;2025-07-03;340.0;338.0;-0.588235;1.444803;above;2025+
RIS;20;2025-07-03;2025-07-04;2025-08-04;350.0;374.5;7.0;4.819019;above;2025+
RIS;20;2025-08-04;2025-08-05;2025-09-08;373.0;425.0;13.941019;2.373854;above;2025+
RIS;20;2025-09-08;2025-09-09;2025-10-07;419.0;410.0;-2.147971;-2.754683;above;2025+
RIS;20;2026-01-07;2026-01-08;2026-02-06;414.9;370.0;-10.821885;-5.578009;above;2025+
RIS;60;2025-01-16;2025-01-17;2025-04-15;247.0;297.95;20.62753;6.46115;above;2025+
RIS;60;2025-04-15;2025-04-16;2025-07-14;298.0;358.9;20.436242;10.488766;above;2025+
RIS;60;2025-07-14;2025-07-15;2025-10-14;355.0;408.9;15.183099;-2.803135;above;2025+
RIS;60;2026-01-12;2026-01-13;2026-04-10;400.0;332.5;-16.875;-4.821718;above;2025+
SGTM;5;2026-04-14;2026-04-15;2026-04-22;785.1;809.0;3.044198;2.212452;below;2025+
SGTM;5;2026-04-22;2026-04-23;2026-04-30;797.2;755.1;-5.280983;-2.901533;above;2025+
SMI;5;2024-09-13;2024-09-18;2024-09-25;2270.0;2300.0;1.321586;1.38181;above;2023-2024
SMI;5;2024-09-25;2024-09-26;2024-10-03;2270.0;2230.0;-1.762115;-1.500768;above;2023-2024
SMI;5;2024-10-21;2024-10-22;2024-10-29;2219.0;2202.0;-0.766111;1.153404;above;2023-2024
SMI;5;2025-01-27;2025-01-28;2025-02-04;2250.0;2330.0;3.555556;2.096435;above;2025+
SMI;5;2025-02-04;2025-02-05;2025-02-12;2320.0;2500.0;7.758621;1.082031;above;2025+
SMI;5;2025-02-12;2025-02-13;2025-02-20;2620.0;2960.0;12.977099;3.385325;above;2025+
SMI;5;2025-02-20;2025-02-21;2025-02-28;2860.0;2104.0;-26.433566;-0.707949;above;2025+
SMI;5;2025-03-18;2025-03-19;2025-03-26;2400.0;2368.0;-1.333333;2.18077;above;2025+
SMI;5;2025-05-28;2025-05-29;2025-06-05;2340.0;2509.0;7.222222;4.293588;above;2025+
SMI;5;2025-06-05;2025-06-06;2025-06-16;2450.0;2429.0;-0.857143;-2.067936;above;2025+
SMI;5;2025-06-16;2025-06-17;2025-06-24;2464.0;2440.0;-0.974026;0.805205;above;2025+
SMI;5;2025-06-24;2025-06-25;2025-07-03;2400.0;2392.0;-0.333333;1.003985;above;2025+
SMI;5;2025-07-11;2025-07-14;2025-07-21;2500.0;2500.0;0.0;1.351991;above;2025+
SMI;5;2025-07-21;2025-07-22;2025-07-29;2540.0;2780.0;9.448819;1.321397;above;2025+
SMI;5;2025-07-29;2025-07-31;2025-08-07;2819.0;2784.0;-1.241575;0.734102;above;2025+
SMI;5;2025-08-07;2025-08-08;2025-08-18;2695.0;2450.0;-9.090909;-0.371719;above;2025+
SMI;5;2025-09-16;2025-09-17;2025-09-24;2560.0;2550.0;-0.390625;0.15863;above;2025+
SMI;5;2025-10-20;2025-10-21;2025-10-28;2710.0;2516.0;-7.158672;0.365781;above;2025+
SMI;5;2025-11-25;2025-11-26;2025-12-03;2616.0;2800.0;7.033639;-0.882788;above;2025+
SMI;5;2025-12-03;2025-12-04;2025-12-11;2880.0;3180.0;10.416667;0.611924;above;2025+
SMI;5;2025-12-11;2025-12-12;2025-12-19;3166.0;3350.0;5.81175;2.002477;above;2025+
SMI;5;2025-12-19;2025-12-22;2025-12-29;3658.0;3900.0;6.615637;-2.931357;above;2025+
SMI;5;2025-12-29;2025-12-30;2026-01-07;4100.0;4556.0;11.121951;4.238708;below;2025+
SMI;5;2026-01-07;2026-01-08;2026-01-16;4550.0;5450.0;19.78022;-0.968678;above;2025+
SMI;5;2026-01-16;2026-01-19;2026-01-26;5800.0;6701.0;15.534483;-3.277925;above;2025+
SMI;5;2026-01-26;2026-01-27;2026-02-03;6859.0;6150.0;-10.336784;-0.948094;below;2025+
SMI;5;2026-02-03;2026-02-04;2026-02-11;6200.0;5695.0;-8.145161;-0.461065;below;2025+
SMI;5;2026-02-27;2026-03-02;2026-03-09;7499.0;6025.0;-19.655954;-4.853715;below;2025+
SMI;5;2026-03-17;2026-03-18;2026-03-27;6251.0;5820.0;-6.894897;-1.660871;below;2025+
SMI;5;2026-04-06;2026-04-07;2026-04-14;7031.0;8985.0;27.79121;7.837297;below;2025+
SMI;5;2026-04-14;2026-04-15;2026-04-22;8750.0;8960.0;2.4;2.212452;below;2025+
SMI;5;2026-04-22;2026-04-23;2026-04-30;9000.0;8850.0;-1.666667;-2.901533;above;2025+
SMI;5;2026-04-30;2026-05-04;2026-05-11;9000.0;10820.0;20.222222;0.825337;below;2025+
SMI;5;2026-05-11;2026-05-12;2026-05-19;11537.0;8865.0;-23.160267;-2.729843;above;2025+
SMI;20;2024-07-24;2024-07-25;2024-08-28;2399.0;2250.0;-6.210921;1.814628;above;2023-2024
SMI;20;2024-09-30;2024-10-01;2024-10-29;2251.0;2202.0;-2.17681;0.326447;above;2023-2024
SMI;20;2025-01-30;2025-01-31;2025-02-28;2337.0;2104.0;-9.970047;2.927032;above;2025+
SMI;20;2025-04-02;2025-04-03;2025-05-02;2450.0;2350.0;-4.081633;1.45118;above;2025+
SMI;20;2025-08-04;2025-08-05;2025-09-08;2747.0;2550.0;-7.17146;2.373854;above;2025+
SMI;20;2025-10-07;2025-10-08;2025-11-05;2578.0;2599.0;0.814585;2.880201;above;2025+
SMI;20;2025-12-08;2025-12-09;2026-01-07;2920.0;4556.0;56.027397;5.345772;above;2025+
SMI;20;2026-01-07;2026-01-08;2026-02-06;4550.0;5300.0;16.483516;-5.578009;above;2025+
SMI;20;2026-04-09;2026-04-10;2026-05-11;8240.0;10820.0;31.31068;2.187631;below;2025+
SMI;20;2026-05-11;2026-05-12;2026-06-12;11537.0;6998.0;-39.342983;-4.38936;above;2025+
SMI;60;2025-07-14;2025-07-15;2025-10-14;2540.0;2649.0;4.291339;-2.803135;above;2025+
SMI;60;2025-10-14;2025-10-15;2026-01-12;2648.0;5171.0;95.279456;7.238795;above;2025+
SMI;60;2026-01-12;2026-01-13;2026-04-10;5688.0;8240.0;44.866385;-4.821718;above;2025+
SNA;5;2024-01-17;2024-01-18;2024-01-25;717.0;727.0;1.3947;0.301186;above;2023-2024
SNA;5;2024-01-25;2024-01-26;2024-02-02;721.0;714.0;-0.970874;-1.08766;above;2023-2024
SNA;5;2024-02-02;2024-02-05;2024-02-12;714.0;719.0;0.70028;1.974271;above;2023-2024
SNA;5;2024-02-12;2024-02-13;2024-02-20;717.0;723.0;0.83682;1.477759;above;2023-2024
SNA;5;2024-02-20;2024-02-21;2024-02-28;720.0;752.5;4.513889;1.331642;above;2023-2024
SNA;5;2024-02-28;2024-02-29;2024-03-07;732.0;729.0;-0.409836;-1.194598;above;2023-2024
SNA;5;2024-03-25;2024-03-26;2024-04-02;732.0;760.1;3.838798;0.88627;above;2023-2024
SNA;5;2024-04-02;2024-04-03;2024-04-15;800.0;870.0;8.75;2.11738;above;2023-2024
SNA;5;2024-04-15;2024-04-16;2024-04-23;900.0;836.0;-7.111111;-0.865642;above;2023-2024
SNA;5;2024-04-23;2024-04-24;2024-05-02;873.0;840.0;-3.780069;0.313299;above;2023-2024
SNA;5;2024-05-20;2024-05-21;2024-05-28;860.0;856.0;-0.465116;-0.391752;above;2023-2024
SNA;5;2024-05-28;2024-05-29;2024-06-05;839.0;795.0;-5.244338;-2.205187;above;2023-2024
SNA;5;2024-07-03;2024-07-04;2024-07-11;875.0;903.0;3.2;1.040568;above;2023-2024
SNA;5;2024-07-11;2024-07-12;2024-07-19;875.0;890.0;1.714286;0.785092;above;2023-2024
SNA;5;2024-07-19;2024-07-22;2024-07-29;860.3;900.0;4.614669;2.172993;above;2023-2024
SNA;5;2024-07-29;2024-07-31;2024-08-07;914.9;880.0;-3.814625;-1.453699;above;2023-2024
SNA;5;2024-08-16;2024-08-19;2024-08-28;873.9;850.0;-2.734867;-0.041612;above;2023-2024
SNA;5;2024-10-29;2024-10-30;2024-11-07;825.0;966.0;17.090909;2.153033;above;2023-2024
SNA;5;2024-11-07;2024-11-08;2024-11-15;985.0;970.0;-1.522843;1.358706;above;2023-2024
SNA;5;2024-11-15;2024-11-19;2024-11-26;960.5;910.0;-5.257678;-1.102039;above;2023-2024
SNA;5;2024-12-12;2024-12-13;2024-12-20;941.0;974.0;3.506908;0.11316;above;2023-2024
SNA;5;2024-12-20;2024-12-23;2024-12-30;982.0;985.0;0.305499;-0.008288;above;2023-2024
SNA;5;2024-12-30;2024-12-31;2025-01-08;983.9;1195.0;21.455432;6.433952;above;2023-2024
SNA;5;2025-01-08;2025-01-09;2025-01-17;1128.0;1072.0;-4.964539;1.111537;above;2025+
SNA;5;2025-01-17;2025-01-20;2025-01-27;1100.0;1105.0;0.454545;-0.518191;above;2025+
SNA;5;2025-01-27;2025-01-28;2025-02-04;1100.0;1289.0;17.181818;2.096435;above;2025+
SNA;5;2025-02-04;2025-02-05;2025-02-12;1270.0;1300.0;2.362205;1.082031;above;2025+
SNA;5;2025-02-12;2025-02-13;2025-02-20;1300.0;1576.0;21.230769;3.385325;above;2025+
SNA;5;2025-02-20;2025-02-21;2025-02-28;1503.0;1410.0;-6.187625;-0.707949;above;2025+
SNA;5;2025-02-28;2025-03-03;2025-03-10;1410.0;1470.0;4.255319;-1.243798;above;2025+
SNA;5;2025-03-10;2025-03-11;2025-03-18;1466.0;1650.0;12.55116;2.201264;above;2025+
SNA;5;2025-03-18;2025-03-19;2025-03-26;1711.0;1932.0;12.916423;2.18077;above;2025+
SNA;5;2025-03-26;2025-03-27;2025-04-07;1893.0;1770.0;-6.497623;-7.565294;above;2025+
SNA;5;2025-04-07;2025-04-08;2025-04-15;1807.0;2093.0;15.827338;3.506814;above;2025+
SNA;5;2025-04-15;2025-04-16;2025-04-23;2145.0;2170.0;1.165501;0.582511;above;2025+
SNA;5;2025-04-23;2025-04-24;2025-05-02;2160.0;2100.0;-2.777778;1.210679;above;2025+
SNA;5;2025-05-02;2025-05-05;2025-05-12;2100.0;2248.0;7.047619;3.417173;above;2025+
SNA;5;2025-05-12;2025-05-13;2025-05-20;2320.0;2481.0;6.939655;-0.047324;above;2025+
SNA;5;2025-05-20;2025-05-21;2025-05-28;2482.0;2540.0;2.336825;-0.160827;above;2025+
SNA;5;2025-05-28;2025-05-29;2025-06-05;2520.0;2585.0;2.579365;4.293588;above;2025+
SNA;5;2025-06-05;2025-06-06;2025-06-16;2601.0;2542.0;-2.268358;-2.067936;above;2025+
SNA;5;2025-06-24;2025-06-25;2025-07-03;2581.0;2535.0;-1.782255;1.003985;above;2025+
SNA;5;2025-08-28;2025-08-29;2025-09-08;2600.0;2600.0;0.0;-0.071903;above;2025+
SNA;5;2025-09-08;2025-09-09;2025-09-16;2550.0;2522.0;-1.098039;0.640429;above;2025+
SNA;5;2025-11-05;2025-11-07;2025-11-14;2438.0;2333.0;-4.306809;-3.232598;above;2025+
SNA;5;2026-01-07;2026-01-08;2026-01-16;2320.0;2249.0;-3.060345;-0.968678;above;2025+
SNA;5;2026-04-14;2026-04-15;2026-04-22;2000.0;2153.0;7.65;2.212452;below;2025+
SNA;5;2026-04-22;2026-04-23;2026-04-30;2150.0;2066.0;-3.906977;-2.901533;above;2025+
SNA;5;2026-04-30;2026-05-04;2026-05-11;2100.0;2249.0;7.095238;0.825337;below;2025+
SNA;5;2026-05-11;2026-05-12;2026-05-19;2250.0;2086.0;-7.288889;-2.729843;above;2025+
SNA;5;2026-08-10;2026-08-11;2026-08-19;2028.0;2000.0;-1.380671;1.543056;above;2025+
SNA;5;2026-08-19;2026-08-24;2026-09-02;1970.0;1940.0;-1.522843;-3.170803;above;2025+
SNA;20;2024-01-22;2024-01-23;2024-02-20;732.0;723.0;-1.229508;1.087524;above;2023-2024
SNA;20;2024-02-20;2024-02-21;2024-03-20;720.0;709.0;-1.527778;0.003318;above;2023-2024
SNA;20;2024-04-23;2024-04-24;2024-05-23;873.0;860.0;-1.489118;0.709949;above;2023-2024
SNA;20;2024-05-23;2024-05-24;2024-06-25;860.0;830.0;-3.488372;0.293328;above;2023-2024
SNA;20;2024-10-29;2024-10-30;2024-11-29;825.0;901.0;9.212121;4.617721;above;2023-2024
SNA;20;2024-12-30;2024-12-31;2025-01-30;983.9;1150.0;16.881797;10.636498;above;2023-2024
SNA;20;2025-01-30;2025-01-31;2025-02-28;1156.0;1410.0;21.972318;2.927032;above;2025+
SNA;20;2025-02-28;2025-03-03;2025-04-02;1410.0;1921.0;36.241135;5.259848;above;2025+
SNA;20;2025-04-02;2025-04-03;2025-05-02;1906.0;2100.0;10.178384;1.45118;above;2025+
SNA;20;2025-05-02;2025-05-05;2025-06-02;2100.0;2495.0;18.809524;4.335439;above;2025+
SNA;20;2025-06-02;2025-06-03;2025-07-03;2568.0;2535.0;-1.285047;1.444803;above;2025+
SNA;20;2025-09-08;2025-09-09;2025-10-07;2550.0;2411.0;-5.45098;-2.754683;above;2025+
SNA;20;2025-11-05;2025-11-07;2025-12-08;2438.0;2300.0;-5.660377;-4.125615;above;2025+
SNA;20;2026-01-07;2026-01-08;2026-02-06;2320.0;1985.0;-14.439655;-5.578009;above;2025+
SNA;20;2026-05-11;2026-05-12;2026-06-12;2250.0;1863.0;-17.2;-4.38936;above;2025+
SNA;60;2024-01-18;2024-01-19;2024-04-17;706.0;866.0;22.66289;5.516739;above;2023-2024
SNA;60;2024-04-17;2024-04-18;2024-07-16;921.1;875.0;-5.004885;0.005128;above;2023-2024
SNA;60;2024-07-16;2024-07-17;2024-10-17;890.0;848.0;-4.719101;3.973828;above;2023-2024
SNA;60;2024-10-17;2024-10-18;2025-01-16;844.0;1089.0;29.028436;14.206527;above;2023-2024
SNA;60;2025-01-16;2025-01-17;2025-04-15;1072.0;2093.0;95.242537;6.46115;above;2025+
SNA;60;2025-04-15;2025-04-16;2025-07-14;2145.0;2440.0;13.752914;10.488766;above;2025+
SNA;60;2026-04-10;2026-04-13;2026-07-13;1950.0;1992.0;2.153846;-2.727012;below;2025+
SOT;5;2024-09-05;2024-09-06;2024-09-13;194.0;200.6;3.402062;0.629486;above;2023-2024
SOT;5;2024-09-13;2024-09-18;2024-09-25;200.0;194.6;-2.7;1.38181;above;2023-2024
SOT;5;2024-12-12;2024-12-13;2024-12-20;184.24;189.6;2.909249;0.11316;above;2023-2024
SOT;5;2024-12-20;2024-12-23;2024-12-30;188.0;185.0;-1.595745;-0.008288;above;2023-2024
SOT;5;2025-01-17;2025-01-20;2025-01-27;186.4;187.22;0.439914;-0.518191;above;2025+
SOT;5;2025-02-04;2025-02-05;2025-02-12;200.0;226.2;13.1;1.082031;above;2025+
SOT;5;2025-02-12;2025-02-13;2025-02-20;227.6;214.0;-5.975395;3.385325;above;2025+
SOT;5;2025-02-20;2025-02-21;2025-02-28;207.4;211.8;2.121504;-0.707949;above;2025+
SOT;5;2025-03-18;2025-03-19;2025-03-26;215.6;220.8;2.411874;2.18077;above;2025+
SOT;5;2025-03-26;2025-03-27;2025-04-07;227.8;199.0;-12.642669;-7.565294;above;2025+
SOT;5;2025-04-15;2025-04-16;2025-04-23;221.0;241.0;9.049774;0.582511;above;2025+
SOT;5;2025-04-23;2025-04-24;2025-05-02;248.0;259.4;4.596774;1.210679;above;2025+
SOT;5;2025-05-02;2025-05-05;2025-05-12;256.0;283.8;10.859375;3.417173;above;2025+
SOT;5;2025-05-12;2025-05-13;2025-05-20;283.6;278.4;-1.833568;-0.047324;above;2025+
SOT;5;2025-05-20;2025-05-21;2025-05-28;279.6;298.6;6.795422;-0.160827;above;2025+
SOT;5;2025-05-28;2025-05-29;2025-06-05;298.0;319.8;7.315436;4.293588;above;2025+
SOT;5;2025-06-05;2025-06-06;2025-06-16;319.8;300.0;-6.19137;-2.067936;above;2025+
SOT;5;2025-07-11;2025-07-14;2025-07-21;325.0;380.0;16.923077;1.351991;above;2025+
SOT;5;2025-07-21;2025-07-22;2025-07-29;344.2;367.2;6.682162;1.321397;above;2025+
SOT;5;2025-07-29;2025-07-31;2025-08-07;364.0;359.8;-1.153846;0.734102;above;2025+
SOT;5;2025-08-07;2025-08-08;2025-08-18;370.0;360.8;-2.486486;-0.371719;above;2025+
SOT;5;2025-08-28;2025-08-29;2025-09-08;370.0;380.0;2.702703;-0.071903;above;2025+
SOT;5;2025-09-08;2025-09-09;2025-09-16;373.8;389.8;4.280364;0.640429;above;2025+
SOT;5;2025-09-16;2025-09-17;2025-09-24;386.0;382.0;-1.036269;0.15863;above;2025+
SOT;5;2025-09-24;2025-09-25;2025-10-02;378.0;353.8;-6.402116;-4.992012;above;2025+
SOT;5;2026-01-07;2026-01-08;2026-01-16;373.0;373.0;0.0;-0.968678;above;2025+
SOT;5;2026-01-16;2026-01-19;2026-01-26;373.4;361.6;-3.16015;-3.277925;above;2025+
SOT;5;2026-04-14;2026-04-15;2026-04-22;359.0;357.0;-0.557103;2.212452;below;2025+
SOT;5;2026-04-22;2026-04-23;2026-04-30;361.2;340.0;-5.869324;-2.901533;above;2025+
SOT;20;2024-11-29;2024-12-02;2024-12-30;189.0;185.0;-2.116402;0.002106;above;2023-2024
SOT;20;2025-01-30;2025-01-31;2025-02-28;197.0;211.8;7.51269;2.927032;above;2025+
SOT;20;2025-04-02;2025-04-03;2025-05-02;211.0;259.4;22.938389;1.45118;above;2025+
SOT;20;2025-05-02;2025-05-05;2025-06-02;256.0;307.6;20.15625;4.335439;above;2025+
SOT;20;2025-06-02;2025-06-03;2025-07-03;300.0;300.0;0.0;1.444803;above;2025+
SOT;20;2025-08-04;2025-08-05;2025-09-08;355.8;380.0;6.801574;2.373854;above;2025+
SOT;20;2025-09-08;2025-09-09;2025-10-07;373.8;366.0;-2.086677;-2.754683;above;2025+
SOT;20;2026-01-07;2026-01-08;2026-02-06;373.0;346.0;-7.238606;-5.578009;above;2025+
SOT;60;2025-01-16;2025-01-17;2025-04-15;188.6;220.0;16.648993;6.46115;above;2025+
SOT;60;2025-04-15;2025-04-16;2025-07-14;221.0;325.0;47.058824;10.488766;above;2025+
SOT;60;2025-07-14;2025-07-15;2025-10-14;325.8;363.8;11.663597;-2.803135;above;2025+
SOT;60;2026-01-12;2026-01-13;2026-04-10;372.4;346.0;-7.089151;-4.821718;above;2025+
SRM;5;2024-07-29;2024-07-31;2024-08-07;233.25;335.45;43.815648;-1.453699;above;2023-2024
SRM;5;2024-08-07;2024-08-08;2024-08-16;368.95;593.9;60.970321;0.705314;above;2023-2024
SRM;5;2024-08-16;2024-08-19;2024-08-28;653.2;540.0;-17.330067;-0.041612;above;2023-2024
SRM;5;2024-08-28;2024-08-29;2024-09-05;519.9;536.0;3.096749;-0.205668;above;2023-2024
SRM;5;2024-09-05;2024-09-06;2024-09-13;539.9;499.9;-7.408779;0.629486;above;2023-2024
SRM;5;2024-10-11;2024-10-14;2024-10-21;472.95;425.2;-10.096205;0.224007;above;2023-2024
SRM;5;2024-11-07;2024-11-08;2024-11-15;636.6;530.0;-16.745209;1.358706;above;2023-2024
SRM;5;2024-11-15;2024-11-19;2024-11-26;477.05;420.0;-11.958914;-1.102039;above;2023-2024
SRM;5;2025-01-17;2025-01-20;2025-01-27;449.95;437.0;-2.878098;-0.518191;above;2025+
SRM;5;2025-01-27;2025-01-28;2025-02-04;457.0;454.0;-0.656455;2.096435;above;2025+
SRM;5;2025-02-04;2025-02-05;2025-02-12;437.0;421.0;-3.661327;1.082031;above;2025+
SRM;5;2025-03-26;2025-03-27;2025-04-07;420.0;420.0;0.0;-7.565294;above;2025+
SRM;5;2025-05-02;2025-05-05;2025-05-12;477.0;463.0;-2.93501;3.417173;above;2025+
SRM;5;2025-05-12;2025-05-13;2025-05-20;460.0;445.0;-3.26087;-0.047324;above;2025+
SRM;5;2025-06-05;2025-06-06;2025-06-16;459.9;455.0;-1.065449;-2.067936;above;2025+
SRM;5;2025-07-03;2025-07-04;2025-07-11;537.0;547.8;2.011173;1.877352;above;2025+
SRM;5;2025-07-11;2025-07-14;2025-07-21;529.0;509.9;-3.610586;1.351991;above;2025+
SRM;5;2025-08-07;2025-08-08;2025-08-18;557.0;555.0;-0.359066;-0.371719;above;2025+
SRM;5;2025-08-18;2025-08-19;2025-08-28;544.9;542.8;-0.385392;2.643586;above;2025+
SRM;5;2025-08-28;2025-08-29;2025-09-08;538.8;568.0;5.419451;-0.071903;above;2025+
SRM;5;2025-09-08;2025-09-09;2025-09-16;512.0;550.0;7.421875;0.640429;above;2025+
SRM;5;2025-09-16;2025-09-17;2025-09-24;548.0;555.0;1.277372;0.15863;above;2025+
SRM;5;2025-09-24;2025-09-25;2025-10-02;549.9;523.7;-4.764503;-4.992012;above;2025+
SRM;5;2026-04-06;2026-04-07;2026-04-14;506.0;509.0;0.592885;7.837297;below;2025+
SRM;5;2026-04-14;2026-04-15;2026-04-22;509.9;503.9;-1.176701;2.212452;below;2025+
SRM;5;2026-04-22;2026-04-23;2026-04-30;503.0;495.0;-1.590457;-2.901533;above;2025+
SRM;20;2024-07-24;2024-07-25;2024-08-28;175.3;540.0;208.043354;1.814628;above;2023-2024
SRM;20;2024-08-28;2024-08-29;2024-09-30;519.9;462.7;-11.002116;3.141424;above;2023-2024
SRM;20;2025-01-30;2025-01-31;2025-02-28;457.65;408.05;-10.837977;2.927032;above;2025+
SRM;20;2025-05-02;2025-05-05;2025-06-02;477.0;449.95;-5.67086;4.335439;above;2025+
SRM;20;2025-07-03;2025-07-04;2025-08-04;537.0;513.8;-4.320298;4.819019;above;2025+
SRM;20;2025-09-08;2025-09-09;2025-10-07;512.0;537.6;5.0;-2.754683;above;2025+
SRM;20;2026-04-09;2026-04-10;2026-05-11;515.0;487.95;-5.252427;2.187631;below;2025+
SRM;60;2025-01-16;2025-01-17;2025-04-15;470.0;416.9;-11.297872;6.46115;above;2025+
SRM;60;2025-07-14;2025-07-15;2025-10-14;529.0;517.5;-2.173913;-2.803135;above;2025+
STK;5;2024-02-02;2024-02-05;2024-02-12;11.0;10.63;-3.363636;1.974271;above;2023-2024
STK;5;2024-02-20;2024-02-21;2024-02-28;10.71;10.65;-0.560224;1.331642;above;2023-2024
STK;5;2024-04-23;2024-04-24;2024-05-02;11.29;11.15;-1.240035;0.313299;above;2023-2024
STK;5;2024-05-02;2024-05-03;2024-05-10;11.13;11.0;-1.168014;0.921702;above;2023-2024
STK;5;2024-05-28;2024-05-29;2024-06-05;11.0;10.95;-0.454545;-2.205187;above;2023-2024
STK;5;2024-07-19;2024-07-22;2024-07-29;11.0;11.28;2.545455;2.172993;above;2023-2024
STK;5;2024-07-29;2024-07-31;2024-08-07;10.86;11.16;2.762431;-1.453699;above;2023-2024
STK;5;2024-08-07;2024-08-08;2024-08-16;11.01;13.54;22.97911;0.705314;above;2023-2024
STK;5;2024-08-16;2024-08-19;2024-08-28;14.89;15.99;7.387508;-0.041612;above;2023-2024
STK;5;2024-08-28;2024-08-29;2024-09-05;14.85;16.18;8.956229;-0.205668;above;2023-2024
STK;5;2024-09-05;2024-09-06;2024-09-13;16.2;15.94;-1.604938;0.629486;above;2023-2024
STK;5;2024-09-13;2024-09-18;2024-09-25;15.72;16.0;1.78117;1.38181;above;2023-2024
STK;5;2024-09-25;2024-09-26;2024-10-03;15.58;15.66;0.513479;-1.500768;above;2023-2024
STK;5;2024-11-26;2024-11-27;2024-12-04;16.47;16.78;1.88221;-1.016638;above;2023-2024
STK;5;2024-12-04;2024-12-05;2024-12-12;16.49;16.54;0.303214;-1.36814;above;2023-2024
STK;5;2024-12-12;2024-12-13;2024-12-20;16.49;15.76;-4.426925;0.11316;above;2023-2024
STK;5;2024-12-30;2024-12-31;2025-01-08;16.37;16.36;-0.061087;6.433952;above;2023-2024
STK;5;2025-01-08;2025-01-09;2025-01-17;16.85;17.02;1.008902;1.111537;above;2025+
STK;5;2025-01-17;2025-01-20;2025-01-27;18.4;17.85;-2.98913;-0.518191;above;2025+
STK;5;2025-01-27;2025-01-28;2025-02-04;18.0;18.44;2.444444;2.096435;above;2025+
STK;5;2025-02-04;2025-02-05;2025-02-12;18.11;18.48;2.04307;1.082031;above;2025+
STK;5;2025-02-12;2025-02-13;2025-02-20;18.03;18.4;2.052135;3.385325;above;2025+
STK;5;2025-02-20;2025-02-21;2025-02-28;18.39;20.89;13.594345;-0.707949;above;2025+
STK;5;2025-02-28;2025-03-03;2025-03-10;22.97;26.91;17.152808;-1.243798;above;2025+
STK;5;2025-03-10;2025-03-11;2025-03-18;26.0;34.39;32.269231;2.201264;above;2025+
STK;5;2025-03-18;2025-03-19;2025-03-26;37.82;49.57;31.068218;2.18077;above;2025+
STK;5;2025-03-26;2025-03-27;2025-04-07;50.1;53.8;7.38523;-7.565294;above;2025+
STK;5;2025-04-07;2025-04-08;2025-04-15;54.68;53.05;-2.98098;3.506814;above;2025+
STK;5;2025-04-15;2025-04-16;2025-04-23;54.8;57.0;4.014599;0.582511;above;2025+
STK;5;2025-04-23;2025-04-24;2025-05-02;59.0;55.51;-5.915254;1.210679;above;2025+
STK;5;2025-05-12;2025-05-13;2025-05-20;55.6;55.0;-1.079137;-0.047324;above;2025+
STK;5;2025-05-28;2025-05-29;2025-06-05;66.9;62.98;-5.859492;4.293588;above;2025+
STK;5;2025-06-05;2025-06-06;2025-06-16;63.27;59.46;-6.021811;-2.067936;above;2025+
STK;5;2025-07-03;2025-07-04;2025-07-11;65.0;67.0;3.076923;1.877352;above;2025+
STK;5;2025-07-11;2025-07-14;2025-07-21;65.0;67.28;3.507692;1.351991;above;2025+
STK;5;2025-07-21;2025-07-22;2025-07-29;67.85;69.02;1.724392;1.321397;above;2025+
STK;5;2025-07-29;2025-07-31;2025-08-07;75.5;109.0;44.370861;0.734102;above;2025+
STK;5;2025-08-07;2025-08-08;2025-08-18;108.5;102.0;-5.990783;-0.371719;above;2025+
STK;5;2025-08-18;2025-08-19;2025-08-28;98.58;113.95;15.591398;2.643586;above;2025+
STK;5;2025-08-28;2025-08-29;2025-09-08;109.0;131.5;20.642202;-0.071903;above;2025+
STK;5;2025-09-08;2025-09-09;2025-09-16;124.0;131.35;5.927419;0.640429;above;2025+
STK;5;2025-09-16;2025-09-17;2025-09-24;130.0;126.75;-2.5;0.15863;above;2025+
STK;5;2025-09-24;2025-09-25;2025-10-02;125.25;113.0;-9.780439;-4.992012;above;2025+
STK;5;2025-10-10;2025-10-13;2025-10-20;128.15;130.0;1.443621;1.402054;above;2025+
STK;5;2025-10-20;2025-10-21;2025-10-28;133.5;126.75;-5.05618;0.365781;above;2025+
STK;5;2026-04-22;2026-04-23;2026-04-30;88.09;80.5;-8.616188;-2.901533;above;2025+
STK;5;2026-04-30;2026-05-04;2026-05-11;82.47;87.5;6.099188;0.825337;below;2025+
STK;5;2026-05-11;2026-05-12;2026-05-19;88.0;81.53;-7.352273;-2.729843;above;2025+
STK;5;2026-08-10;2026-08-11;2026-08-19;72.8;70.23;-3.53022;1.543056;above;2025+
STK;20;2024-02-20;2024-02-21;2024-03-20;10.71;10.8;0.840336;0.003318;above;2023-2024
STK;20;2024-03-20;2024-03-21;2024-04-23;10.49;11.0;4.861773;2.073579;above;2023-2024
STK;20;2024-04-23;2024-04-24;2024-05-23;11.29;10.97;-2.834367;0.709949;above;2023-2024
STK;20;2024-07-24;2024-07-25;2024-08-28;11.0;15.99;45.363636;1.814628;above;2023-2024
STK;20;2024-08-28;2024-08-29;2024-09-30;14.85;15.84;6.666667;3.141424;above;2023-2024
STK;20;2024-09-30;2024-10-01;2024-10-29;15.0;15.0;0.0;0.326447;above;2023-2024
STK;20;2024-11-29;2024-12-02;2024-12-30;16.0;16.36;2.25;0.002106;above;2023-2024
STK;20;2024-12-30;2024-12-31;2025-01-30;16.37;18.0;9.957239;10.636498;above;2023-2024
STK;20;2025-01-30;2025-01-31;2025-02-28;18.0;20.89;16.055556;2.927032;above;2025+
STK;20;2025-02-28;2025-03-03;2025-04-02;22.97;56.42;145.624728;5.259848;above;2025+
STK;20;2025-04-02;2025-04-03;2025-05-02;57.05;55.51;-2.699387;1.45118;above;2025+
STK;20;2025-06-02;2025-06-03;2025-07-03;61.81;67.2;8.720272;1.444803;above;2025+
STK;20;2025-07-03;2025-07-04;2025-08-04;65.0;91.34;40.523077;4.819019;above;2025+
STK;20;2025-08-04;2025-08-05;2025-09-08;92.91;131.5;41.534819;2.373854;above;2025+
STK;20;2025-09-08;2025-09-09;2025-10-07;124.0;135.0;8.870968;-2.754683;above;2025+
STK;20;2025-10-07;2025-10-08;2025-11-05;128.6;123.55;-3.926905;2.880201;above;2025+
STK;20;2026-05-11;2026-05-12;2026-06-12;88.0;76.2;-13.409091;-4.38936;above;2025+
STK;60;2024-04-17;2024-04-18;2024-07-16;11.69;10.9;-6.757913;0.005128;above;2023-2024
STK;60;2025-01-16;2025-01-17;2025-04-15;17.02;53.05;211.692127;6.46115;above;2025+
STK;60;2025-04-15;2025-04-16;2025-07-14;54.8;65.0;18.613139;10.488766;above;2025+
STK;60;2025-07-14;2025-07-15;2025-10-14;64.2;122.0;90.031153;-2.803135;above;2025+
TGCC;5;2023-10-20;2023-10-23;2023-10-30;172.0;171.5;-0.290698;-2.602436;above;2023-2024
TGCC;5;2023-10-30;2023-10-31;2023-11-08;171.0;174.8;2.222222;-0.503259;above;2023-2024
TGCC;5;2023-11-08;2023-11-09;2023-11-16;174.9;175.85;0.543168;0.192435;above;2023-2024
TGCC;5;2023-11-16;2023-11-17;2023-11-24;177.0;175.0;-1.129944;0.08462;above;2023-2024
TGCC;5;2023-12-12;2023-12-13;2023-12-20;183.3;186.0;1.472995;1.08122;above;2023-2024
TGCC;5;2023-12-20;2023-12-21;2023-12-28;187.0;186.0;-0.534759;-1.11805;above;2023-2024
TGCC;5;2023-12-28;2023-12-29;2024-01-08;186.0;195.05;4.865591;2.390994;above;2023-2024
TGCC;5;2024-01-08;2024-01-09;2024-01-17;201.0;217.0;7.960199;1.266745;above;2023-2024
TGCC;5;2024-01-17;2024-01-18;2024-01-25;219.95;217.2;-1.250284;0.301186;above;2023-2024
TGCC;5;2024-01-25;2024-01-26;2024-02-02;218.0;225.0;3.211009;-1.08766;above;2023-2024
TGCC;5;2024-02-02;2024-02-05;2024-02-12;226.0;235.0;3.982301;1.974271;above;2023-2024
TGCC;5;2024-02-12;2024-02-13;2024-02-20;237.0;233.5;-1.476793;1.477759;above;2023-2024
TGCC;5;2024-02-20;2024-02-21;2024-02-28;235.1;240.0;2.084219;1.331642;above;2023-2024
TGCC;5;2024-02-28;2024-02-29;2024-03-07;235.0;234.0;-0.425532;-1.194598;above;2023-2024
TGCC;5;2024-03-15;2024-03-18;2024-03-25;236.0;236.0;0.0;-0.935377;above;2023-2024
TGCC;5;2024-03-25;2024-03-26;2024-04-02;236.0;264.0;11.864407;0.88627;above;2023-2024
TGCC;5;2024-04-02;2024-04-03;2024-04-15;269.95;283.5;5.019448;2.11738;above;2023-2024
TGCC;5;2024-04-15;2024-04-16;2024-04-23;293.0;299.95;2.372014;-0.865642;above;2023-2024
TGCC;5;2024-04-23;2024-04-24;2024-05-02;300.3;310.0;3.230103;0.313299;above;2023-2024
TGCC;5;2024-05-02;2024-05-03;2024-05-10;313.0;317.9;1.565495;0.921702;above;2023-2024
TGCC;5;2024-05-10;2024-05-13;2024-05-20;324.5;322.5;-0.616333;-0.716252;above;2023-2024
TGCC;5;2024-05-20;2024-05-21;2024-05-28;319.0;315.0;-1.253918;-0.391752;above;2023-2024
TGCC;5;2024-06-25;2024-06-26;2024-07-03;315.0;303.8;-3.555556;-1.103992;above;2023-2024
TGCC;5;2024-07-11;2024-07-12;2024-07-19;313.0;329.0;5.111821;0.785092;above;2023-2024
TGCC;5;2024-07-19;2024-07-22;2024-07-29;334.95;337.0;0.612032;2.172993;above;2023-2024
TGCC;5;2024-07-29;2024-07-31;2024-08-07;341.0;344.0;0.879765;-1.453699;above;2023-2024
TGCC;5;2024-08-07;2024-08-08;2024-08-16;344.0;348.95;1.438953;0.705314;above;2023-2024
TGCC;5;2024-08-16;2024-08-19;2024-08-28;350.0;352.15;0.614286;-0.041612;above;2023-2024
TGCC;5;2024-08-28;2024-08-29;2024-09-05;379.8;367.85;-3.146393;-0.205668;above;2023-2024
TGCC;5;2024-09-05;2024-09-06;2024-09-13;367.85;374.9;1.916542;0.629486;above;2023-2024
TGCC;5;2024-09-13;2024-09-18;2024-09-25;384.85;388.0;0.818501;1.38181;above;2023-2024
TGCC;5;2024-09-25;2024-09-26;2024-10-03;399.9;407.0;1.775444;-1.500768;above;2023-2024
TGCC;5;2024-10-03;2024-10-04;2024-10-11;403.0;400.0;-0.744417;-0.461776;above;2023-2024
TGCC;5;2024-10-11;2024-10-14;2024-10-21;399.9;401.0;0.275069;0.224007;above;2023-2024
TGCC;5;2024-10-21;2024-10-22;2024-10-29;399.0;428.0;7.26817;1.153404;above;2023-2024
TGCC;5;2024-10-29;2024-10-30;2024-11-07;422.3;447.9;6.062041;2.153033;above;2023-2024
TGCC;5;2024-11-07;2024-11-08;2024-11-15;454.9;484.0;6.39701;1.358706;above;2023-2024
TGCC;5;2024-11-15;2024-11-19;2024-11-26;491.4;485.2;-1.261701;-1.102039;above;2023-2024
TGCC;5;2024-11-26;2024-11-27;2024-12-04;490.6;466.15;-4.983693;-1.016638;above;2023-2024
TGCC;5;2025-01-08;2025-01-09;2025-01-17;535.0;535.0;0.0;1.111537;above;2025+
TGCC;5;2025-01-17;2025-01-20;2025-01-27;530.5;530.0;-0.094251;-0.518191;above;2025+
TGCC;5;2025-01-27;2025-01-28;2025-02-04;530.0;561.5;5.943396;2.096435;above;2025+
TGCC;5;2025-02-04;2025-02-05;2025-02-12;565.0;563.0;-0.353982;1.082031;above;2025+
TGCC;5;2025-02-12;2025-02-13;2025-02-20;570.0;659.9;15.77193;3.385325;above;2025+
TGCC;5;2025-02-20;2025-02-21;2025-02-28;725.8;659.0;-9.203637;-0.707949;above;2025+
TGCC;5;2025-02-28;2025-03-03;2025-03-10;685.0;666.0;-2.773723;-1.243798;above;2025+
TGCC;5;2025-03-10;2025-03-11;2025-03-18;666.1;710.0;6.590602;2.201264;above;2025+
TGCC;5;2025-03-18;2025-03-19;2025-03-26;730.0;716.0;-1.917808;2.18077;above;2025+
TGCC;5;2025-03-26;2025-03-27;2025-04-07;715.0;662.0;-7.412587;-7.565294;above;2025+
TGCC;5;2025-04-15;2025-04-16;2025-04-23;690.0;697.0;1.014493;0.582511;above;2025+
TGCC;5;2025-04-23;2025-04-24;2025-05-02;705.1;733.0;3.956886;1.210679;above;2025+
TGCC;5;2025-05-02;2025-05-05;2025-05-12;733.0;811.0;10.641201;3.417173;above;2025+
TGCC;5;2025-05-12;2025-05-13;2025-05-20;815.0;900.0;10.429448;-0.047324;above;2025+
TGCC;5;2025-05-20;2025-05-21;2025-05-28;822.5;880.0;6.990881;-0.160827;above;2025+
TGCC;5;2025-05-28;2025-05-29;2025-06-05;865.0;900.0;4.046243;4.293588;above;2025+
TGCC;5;2025-06-05;2025-06-06;2025-06-16;890.0;858.0;-3.595506;-2.067936;above;2025+
TGCC;5;2025-07-03;2025-07-04;2025-07-11;891.3;976.9;9.603949;1.877352;above;2025+
TGCC;5;2025-07-11;2025-07-14;2025-07-21;964.0;1000.0;3.73444;1.351991;above;2025+
TGCC;5;2025-07-21;2025-07-22;2025-07-29;1000.0;993.0;-0.7;1.321397;above;2025+
TGCC;5;2025-07-29;2025-07-31;2025-08-07;1035.0;1039.0;0.386473;0.734102;above;2025+
TGCC;5;2025-08-07;2025-08-08;2025-08-18;1055.0;1063.0;0.758294;-0.371719;above;2025+
TGCC;5;2025-08-18;2025-08-19;2025-08-28;1058.0;1067.0;0.850662;2.643586;above;2025+
TGCC;5;2025-08-28;2025-08-29;2025-09-08;1050.0;1019.0;-2.952381;-0.071903;above;2025+
TGCC;5;2025-12-11;2025-12-12;2025-12-19;920.0;947.0;2.934783;2.002477;above;2025+
TGCC;5;2025-12-19;2025-12-22;2025-12-29;944.0;895.0;-5.190678;-2.931357;above;2025+
TGCC;5;2026-01-07;2026-01-08;2026-01-16;930.0;900.0;-3.225806;-0.968678;above;2025+
TGCC;5;2026-04-14;2026-04-15;2026-04-22;790.0;829.9;5.050633;2.212452;below;2025+
TGCC;5;2026-04-22;2026-04-23;2026-04-30;825.0;762.0;-7.636364;-2.901533;above;2025+
TGCC;5;2026-05-11;2026-05-12;2026-05-19;798.0;757.0;-5.137845;-2.729843;above;2025+
TGCC;5;2026-08-10;2026-08-11;2026-08-19;788.0;775.0;-1.649746;1.543056;above;2025+
TGCC;5;2026-08-19;2026-08-24;2026-09-02;775.0;729.9;-5.819355;-3.170803;above;2025+
TGCC;20;2023-10-20;2023-10-23;2023-11-21;172.0;179.0;4.069767;-2.183112;above;2023-2024
TGCC;20;2023-11-21;2023-11-22;2023-12-20;177.0;186.0;5.084746;2.05255;above;2023-2024
TGCC;20;2023-12-20;2023-12-21;2024-01-22;187.0;218.35;16.764706;4.414988;above;2023-2024
TGCC;20;2024-01-22;2024-01-23;2024-02-20;218.0;233.5;7.110092;1.087524;above;2023-2024
TGCC;20;2024-02-20;2024-02-21;2024-03-20;235.1;236.0;0.382816;0.003318;above;2023-2024
TGCC;20;2024-03-20;2024-03-21;2024-04-23;235.9;299.95;27.151335;2.073579;above;2023-2024
TGCC;20;2024-04-23;2024-04-24;2024-05-23;300.3;313.0;4.229104;0.709949;above;2023-2024
TGCC;20;2024-06-25;2024-06-26;2024-07-24;315.0;329.0;4.444444;2.134685;above;2023-2024
TGCC;20;2024-07-24;2024-07-25;2024-08-28;326.0;352.15;8.021472;1.814628;above;2023-2024
TGCC;20;2024-08-28;2024-08-29;2024-09-30;379.8;424.0;11.637704;3.141424;above;2023-2024
TGCC;20;2024-09-30;2024-10-01;2024-10-29;416.2;428.0;2.835175;0.326447;above;2023-2024
TGCC;20;2024-10-29;2024-10-30;2024-11-29;422.3;470.0;11.295288;4.617721;above;2023-2024
TGCC;20;2024-11-29;2024-12-02;2024-12-30;465.9;471.0;1.094656;0.002106;above;2023-2024
TGCC;20;2025-01-30;2025-01-31;2025-02-28;558.0;659.0;18.100358;2.927032;above;2025+
TGCC;20;2025-02-28;2025-03-03;2025-04-02;685.0;706.0;3.065693;5.259848;above;2025+
TGCC;20;2025-04-02;2025-04-03;2025-05-02;690.0;733.0;6.231884;1.45118;above;2025+
TGCC;20;2025-05-02;2025-05-05;2025-06-02;733.0;879.0;19.918145;4.335439;above;2025+
TGCC;20;2025-06-02;2025-06-03;2025-07-03;901.1;886.1;-1.664632;1.444803;above;2025+
TGCC;20;2025-07-03;2025-07-04;2025-08-04;891.3;1035.0;16.122518;4.819019;above;2025+
TGCC;20;2025-08-04;2025-08-05;2025-09-08;1032.0;1019.0;-1.25969;2.373854;above;2025+
TGCC;20;2026-01-07;2026-01-08;2026-02-06;930.0;834.3;-10.290323;-5.578009;above;2025+
TGCC;20;2026-05-11;2026-05-12;2026-06-12;798.0;749.9;-6.027569;-4.38936;above;2025+
TGCC;20;2026-08-13;2026-08-17;2026-09-30;775.0;660.0;-14.83871;-5.846596;above;2025+
TGCC;60;2023-10-20;2023-10-23;2024-01-18;172.0;219.95;27.877907;3.292678;above;2023-2024
TGCC;60;2024-01-18;2024-01-19;2024-04-17;219.0;290.0;32.420091;5.516739;above;2023-2024
TGCC;60;2024-04-17;2024-04-18;2024-07-16;305.95;315.0;2.958;0.005128;above;2023-2024
TGCC;60;2024-07-16;2024-07-17;2024-10-17;321.5;401.0;24.727838;3.973828;above;2023-2024
TGCC;60;2024-10-17;2024-10-18;2025-01-16;399.0;540.0;35.338346;14.206527;above;2023-2024
TGCC;60;2025-01-16;2025-01-17;2025-04-15;535.0;695.0;29.906542;6.46115;above;2025+
TGCC;60;2025-04-15;2025-04-16;2025-07-14;690.0;964.0;39.710145;10.488766;above;2025+
TGCC;60;2025-07-14;2025-07-15;2025-10-14;956.2;875.0;-8.491947;-2.803135;above;2025+
TMA;5;2023-12-20;2023-12-21;2023-12-28;1160.0;1155.0;-0.431034;-1.11805;above;2023-2024
TMA;5;2023-12-28;2023-12-29;2024-01-08;1160.0;1180.0;1.724138;2.390994;above;2023-2024
TMA;5;2024-01-08;2024-01-09;2024-01-17;1180.0;1186.0;0.508475;1.266745;above;2023-2024
TMA;5;2024-01-17;2024-01-18;2024-01-25;1196.0;1228.0;2.675585;0.301186;above;2023-2024
TMA;5;2024-01-25;2024-01-26;2024-02-02;1256.0;1330.0;5.89172;-1.08766;above;2023-2024
TMA;5;2024-02-02;2024-02-05;2024-02-12;1333.0;1355.0;1.650413;1.974271;above;2023-2024
TMA;5;2024-02-12;2024-02-13;2024-02-20;1403.0;1411.0;0.570207;1.477759;above;2023-2024
TMA;5;2024-02-20;2024-02-21;2024-02-28;1440.0;1428.0;-0.833333;1.331642;above;2023-2024
TMA;5;2024-02-28;2024-02-29;2024-03-07;1428.0;1430.0;0.140056;-1.194598;above;2023-2024
TMA;5;2024-03-07;2024-03-08;2024-03-15;1400.0;1380.0;-1.428571;1.210308;above;2023-2024
TMA;5;2024-04-02;2024-04-03;2024-04-15;1400.0;1379.0;-1.5;2.11738;above;2023-2024
TMA;5;2024-05-02;2024-05-03;2024-05-10;1400.0;1400.0;0.0;0.921702;above;2023-2024
TMA;5;2024-05-10;2024-05-13;2024-05-20;1408.0;1385.0;-1.633523;-0.716252;above;2023-2024
TMA;5;2024-06-25;2024-06-26;2024-07-03;1380.0;1389.0;0.652174;-1.103992;above;2023-2024
TMA;5;2024-07-03;2024-07-04;2024-07-11;1389.0;1388.0;-0.071994;1.040568;above;2023-2024
TMA;5;2024-07-11;2024-07-12;2024-07-19;1365.0;1371.0;0.43956;0.785092;above;2023-2024
TMA;5;2024-07-29;2024-07-31;2024-08-07;1445.0;1437.0;-0.553633;-1.453699;above;2023-2024
TMA;5;2024-08-07;2024-08-08;2024-08-16;1437.0;1450.0;0.904662;0.705314;above;2023-2024
TMA;5;2024-08-16;2024-08-19;2024-08-28;1450.0;1450.0;0.0;-0.041612;above;2023-2024
TMA;5;2024-08-28;2024-08-29;2024-09-05;1450.0;1459.0;0.62069;-0.205668;above;2023-2024
TMA;5;2024-09-05;2024-09-06;2024-09-13;1449.0;1460.0;0.759144;0.629486;above;2023-2024
TMA;5;2024-09-13;2024-09-18;2024-09-25;1464.0;1640.0;12.021858;1.38181;above;2023-2024
TMA;5;2024-09-25;2024-09-26;2024-10-03;1649.0;1605.0;-2.668284;-1.500768;above;2023-2024
TMA;5;2024-10-03;2024-10-04;2024-10-11;1595.0;1580.0;-0.940439;-0.461776;above;2023-2024
TMA;5;2024-11-07;2024-11-08;2024-11-15;1570.0;1580.0;0.636943;1.358706;above;2023-2024
TMA;5;2024-11-15;2024-11-19;2024-11-26;1550.0;1550.0;0.0;-1.102039;above;2023-2024
TMA;5;2025-01-17;2025-01-20;2025-01-27;1560.0;1610.0;3.205128;-0.518191;above;2025+
TMA;5;2025-01-27;2025-01-28;2025-02-04;1590.0;1536.0;-3.396226;2.096435;above;2025+
TMA;5;2025-02-12;2025-02-13;2025-02-20;1570.0;1600.0;1.910828;3.385325;above;2025+
TMA;5;2025-02-20;2025-02-21;2025-02-28;1580.0;1600.0;1.265823;-0.707949;above;2025+
TMA;5;2025-02-28;2025-03-03;2025-03-10;1600.0;1560.0;-2.5;-1.243798;above;2025+
TMA;5;2025-03-18;2025-03-19;2025-03-26;1580.0;1740.0;10.126582;2.18077;above;2025+
TMA;5;2025-03-26;2025-03-27;2025-04-07;1720.0;1705.0;-0.872093;-7.565294;above;2025+
TMA;5;2025-04-07;2025-04-08;2025-04-15;1710.0;1751.0;2.397661;3.506814;above;2025+
TMA;5;2025-04-15;2025-04-16;2025-04-23;1801.0;1890.0;4.941699;0.582511;above;2025+
TMA;5;2025-04-23;2025-04-24;2025-05-02;1880.0;1875.0;-0.265957;1.210679;above;2025+
TMA;5;2025-05-02;2025-05-05;2025-05-12;1874.0;2000.0;6.723586;3.417173;above;2025+
TMA;5;2025-05-12;2025-05-13;2025-05-20;1990.0;1930.0;-3.015075;-0.047324;above;2025+
TMA;5;2025-05-20;2025-05-21;2025-05-28;1940.0;1935.0;-0.257732;-0.160827;above;2025+
TMA;5;2025-08-28;2025-08-29;2025-09-08;1750.0;1775.0;1.428571;-0.071903;above;2025+
TMA;5;2025-09-08;2025-09-09;2025-09-16;1738.0;1710.0;-1.611047;0.640429;above;2025+
TMA;5;2025-09-24;2025-09-25;2025-10-02;1850.0;1797.0;-2.864865;-4.992012;above;2025+
TMA;5;2025-10-02;2025-10-03;2025-10-10;1796.0;1850.0;3.006682;-1.438934;above;2025+
TMA;5;2025-10-10;2025-10-13;2025-10-20;1849.0;1827.0;-1.189832;1.402054;above;2025+
TMA;5;2025-10-20;2025-10-21;2025-10-28;1800.0;1870.0;3.888889;0.365781;above;2025+
TMA;5;2025-10-28;2025-10-29;2025-11-05;1894.0;1850.0;-2.323126;-0.48965;above;2025+
TMA;5;2025-11-05;2025-11-07;2025-11-14;1850.0;1825.0;-1.351351;-3.232598;above;2025+
TMA;5;2026-02-27;2026-03-02;2026-03-09;1680.0;1604.0;-4.52381;-4.853715;below;2025+
TMA;5;2026-05-11;2026-05-12;2026-05-19;1610.0;1541.0;-4.285714;-2.729843;above;2025+
TMA;5;2026-07-31;2026-08-03;2026-08-10;1534.0;1530.0;-0.260756;5.347486;below;2025+
TMA;5;2026-08-10;2026-08-11;2026-08-19;1540.0;1531.0;-0.584416;1.543056;above;2025+
TMA;5;2026-08-19;2026-08-24;2026-09-02;1569.0;1500.0;-4.397706;-3.170803;above;2025+
TMA;20;2023-12-20;2023-12-21;2024-01-22;1160.0;1210.0;4.310345;4.414988;above;2023-2024
TMA;20;2024-01-22;2024-01-23;2024-02-20;1210.0;1411.0;16.61157;1.087524;above;2023-2024
TMA;20;2024-02-20;2024-02-21;2024-03-20;1440.0;1300.0;-9.722222;0.003318;above;2023-2024
TMA;20;2024-06-25;2024-06-26;2024-07-24;1380.0;1420.0;2.898551;2.134685;above;2023-2024
TMA;20;2024-07-24;2024-07-25;2024-08-28;1421.0;1450.0;2.040816;1.814628;above;2023-2024
TMA;20;2024-08-28;2024-08-29;2024-09-30;1450.0;1740.0;20.0;3.141424;above;2023-2024
TMA;20;2024-09-30;2024-10-01;2024-10-29;1700.0;1550.0;-8.823529;0.326447;above;2023-2024
TMA;20;2025-01-30;2025-01-31;2025-02-28;1554.0;1600.0;2.960103;2.927032;above;2025+
TMA;20;2025-02-28;2025-03-03;2025-04-02;1600.0;1820.0;13.75;5.259848;above;2025+
TMA;20;2025-04-02;2025-04-03;2025-05-02;1821.0;1875.0;2.965404;1.45118;above;2025+
TMA;20;2025-05-02;2025-05-05;2025-06-02;1874.0;1936.0;3.308431;4.335439;above;2025+
TMA;20;2025-09-08;2025-09-09;2025-10-07;1738.0;1816.0;4.487917;-2.754683;above;2025+
TMA;20;2025-10-07;2025-10-08;2025-11-05;1770.0;1850.0;4.519774;2.880201;above;2025+
TMA;20;2025-11-05;2025-11-07;2025-12-08;1850.0;1769.0;-4.378378;-4.125615;above;2025+
TMA;20;2026-05-11;2026-05-12;2026-06-12;1610.0;1570.0;-2.484472;-4.38936;above;2025+
TMA;20;2026-06-12;2026-06-15;2026-07-14;1600.0;1480.0;-7.5;-5.010603;below;2025+
TMA;20;2026-08-13;2026-08-17;2026-09-30;1569.0;1399.0;-10.834927;-5.846596;above;2025+
TMA;60;2024-01-18;2024-01-19;2024-04-17;1209.0;1350.0;11.662531;5.516739;above;2023-2024
TMA;60;2025-01-16;2025-01-17;2025-04-15;1570.0;1751.0;11.528662;6.46115;above;2025+
TMA;60;2025-04-15;2025-04-16;2025-07-14;1801.0;1700.0;-5.607996;10.488766;above;2025+
TMA;60;2025-10-14;2025-10-15;2026-01-12;1800.0;1700.0;-5.555556;7.238795;above;2025+
TQA;5;2023-12-12;2023-12-13;2023-12-20;1100.0;1082.0;-1.636364;1.08122;above;2023-2024
TQA;5;2023-12-20;2023-12-21;2023-12-28;1082.0;1100.0;1.663586;-1.11805;above;2023-2024
TQA;5;2023-12-28;2023-12-29;2024-01-08;1100.0;1200.0;9.090909;2.390994;above;2023-2024
TQA;5;2024-01-08;2024-01-09;2024-01-17;1194.0;1250.0;4.690117;1.266745;above;2023-2024
TQA;5;2024-01-17;2024-01-18;2024-01-25;1250.0;1250.0;0.0;0.301186;above;2023-2024
TQA;5;2024-01-25;2024-01-26;2024-02-02;1228.0;1195.0;-2.687296;-1.08766;above;2023-2024
TQA;5;2024-02-28;2024-02-29;2024-03-07;1200.0;1218.0;1.5;-1.194598;above;2023-2024
TQA;5;2024-04-02;2024-04-03;2024-04-15;1250.0;1290.0;3.2;2.11738;above;2023-2024
TQA;5;2024-04-15;2024-04-16;2024-04-23;1347.0;1280.0;-4.974016;-0.865642;above;2023-2024
TQA;5;2024-04-23;2024-04-24;2024-05-02;1300.0;1350.0;3.846154;0.313299;above;2023-2024
TQA;5;2024-05-02;2024-05-03;2024-05-10;1381.0;1432.0;3.692976;0.921702;above;2023-2024
TQA;5;2024-05-10;2024-05-13;2024-05-20;1450.0;1370.0;-5.517241;-0.716252;above;2023-2024
TQA;5;2024-05-20;2024-05-21;2024-05-28;1367.0;1340.0;-1.975128;-0.391752;above;2023-2024
TQA;5;2024-06-25;2024-06-26;2024-07-03;1320.0;1300.0;-1.515152;-1.103992;above;2023-2024
TQA;5;2024-09-25;2024-09-26;2024-10-03;1415.0;1450.0;2.473498;-1.500768;above;2023-2024
TQA;5;2024-10-03;2024-10-04;2024-10-11;1490.0;1575.0;5.704698;-0.461776;above;2023-2024
TQA;5;2024-10-11;2024-10-14;2024-10-21;1575.0;1549.0;-1.650794;0.224007;above;2023-2024
TQA;5;2024-10-21;2024-10-22;2024-10-29;1549.0;1500.0;-3.163331;1.153404;above;2023-2024
TQA;5;2025-01-08;2025-01-09;2025-01-17;1440.0;1420.0;-1.388889;1.111537;above;2025+
TQA;5;2025-01-17;2025-01-20;2025-01-27;1381.0;1400.0;1.375815;-0.518191;above;2025+
TQA;5;2025-02-04;2025-02-05;2025-02-12;1420.0;1500.0;5.633803;1.082031;above;2025+
TQA;5;2025-02-12;2025-02-13;2025-02-20;1500.0;1670.0;11.333333;3.385325;above;2025+
TQA;5;2025-02-20;2025-02-21;2025-02-28;1650.0;1629.0;-1.272727;-0.707949;above;2025+
TQA;5;2025-02-28;2025-03-03;2025-03-10;1675.0;1698.0;1.373134;-1.243798;above;2025+
TQA;5;2025-03-10;2025-03-11;2025-03-18;1625.0;1720.0;5.846154;2.201264;above;2025+
TQA;5;2025-03-18;2025-03-19;2025-03-26;1798.0;2150.0;19.577308;2.18077;above;2025+
TQA;5;2025-03-26;2025-03-27;2025-04-07;2270.0;1960.0;-13.656388;-7.565294;above;2025+
TQA;5;2025-04-07;2025-04-08;2025-04-15;1989.0;2100.0;5.580694;3.506814;above;2025+
TQA;5;2025-04-15;2025-04-16;2025-04-23;2190.0;2249.0;2.694064;0.582511;above;2025+
TQA;5;2025-04-23;2025-04-24;2025-05-02;2269.0;2400.0;5.773468;1.210679;above;2025+
TQA;5;2025-05-02;2025-05-05;2025-05-12;2400.0;2700.0;12.5;3.417173;above;2025+
TQA;5;2025-05-12;2025-05-13;2025-05-20;2750.0;3031.0;10.218182;-0.047324;above;2025+
TQA;5;2025-05-20;2025-05-21;2025-05-28;3164.0;2860.0;-9.608091;-0.160827;above;2025+
TQA;5;2025-05-28;2025-05-29;2025-06-05;2939.0;3080.0;4.79755;4.293588;above;2025+
TQA;5;2025-06-05;2025-06-06;2025-06-16;3030.0;2881.0;-4.917492;-2.067936;above;2025+
TQA;5;2025-07-11;2025-07-14;2025-07-21;2929.0;3080.0;5.155343;1.351991;above;2025+
TQA;5;2025-07-21;2025-07-22;2025-07-29;3000.0;2965.0;-1.166667;1.321397;above;2025+
TQA;5;2025-07-29;2025-07-31;2025-08-07;2950.0;2870.0;-2.711864;0.734102;above;2025+
TQA;5;2026-04-22;2026-04-23;2026-04-30;1875.0;1800.0;-4.0;-2.901533;above;2025+
TQA;5;2026-07-22;2026-07-23;2026-07-31;1750.0;1750.0;0.0;0.999598;below;2025+
TQA;5;2026-08-10;2026-08-11;2026-08-19;1845.0;1860.0;0.813008;1.543056;above;2025+
TQA;5;2026-08-19;2026-08-24;2026-09-02;1820.0;1780.0;-2.197802;-3.170803;above;2025+
TQA;20;2023-12-20;2023-12-21;2024-01-22;1082.0;1259.0;16.358595;4.414988;above;2023-2024
TQA;20;2024-01-22;2024-01-23;2024-02-20;1265.0;1200.0;-5.13834;1.087524;above;2023-2024
TQA;20;2024-04-23;2024-04-24;2024-05-23;1300.0;1349.0;3.769231;0.709949;above;2023-2024
TQA;20;2024-06-25;2024-06-26;2024-07-24;1320.0;1319.0;-0.075758;2.134685;above;2023-2024
TQA;20;2024-09-30;2024-10-01;2024-10-29;1430.0;1500.0;4.895105;0.326447;above;2023-2024
TQA;20;2025-02-28;2025-03-03;2025-04-02;1675.0;2130.0;27.164179;5.259848;above;2025+
TQA;20;2025-04-02;2025-04-03;2025-05-02;2050.0;2400.0;17.073171;1.45118;above;2025+
TQA;20;2025-05-02;2025-05-05;2025-06-02;2400.0;3050.0;27.083333;4.335439;above;2025+
TQA;20;2025-06-02;2025-06-03;2025-07-03;2985.0;2900.0;-2.847571;1.444803;above;2025+
TQA;20;2025-12-08;2025-12-09;2026-01-07;2270.0;2190.0;-3.524229;5.345772;above;2025+
TQA;20;2026-08-13;2026-08-17;2026-09-30;1850.0;1700.0;-8.108108;-5.846596;above;2025+
TQA;60;2024-01-18;2024-01-19;2024-04-17;1250.0;1330.0;6.4;5.516739;above;2023-2024
TQA;60;2024-04-17;2024-04-18;2024-07-16;1330.0;1320.0;-0.75188;0.005128;above;2023-2024
TQA;60;2024-10-17;2024-10-18;2025-01-16;1550.0;1425.0;-8.064516;14.206527;above;2023-2024
TQA;60;2025-01-16;2025-01-17;2025-04-15;1420.0;2100.0;47.887324;6.46115;above;2025+
TQA;60;2025-04-15;2025-04-16;2025-07-14;2190.0;2929.0;33.744292;10.488766;above;2025+
TQA;60;2025-07-14;2025-07-15;2025-10-14;2943.0;2300.0;-21.848454;-2.803135;above;2025+
VCNE;5;2025-10-10;2025-10-13;2025-10-20;463.0;471.0;1.727862;1.402054;above;2025+
VCNE;5;2025-10-20;2025-10-21;2025-10-28;482.0;524.0;8.713693;0.365781;above;2025+
VCNE;5;2025-10-28;2025-10-29;2025-11-05;520.0;509.7;-1.980769;-0.48965;above;2025+
VCNE;5;2025-11-05;2025-11-07;2025-11-14;498.0;486.0;-2.409639;-3.232598;above;2025+
VCNE;5;2026-03-27;2026-03-30;2026-04-06;421.0;399.0;-5.225653;1.554679;below;2025+
VCNE;5;2026-04-14;2026-04-15;2026-04-22;435.0;441.5;1.494253;2.212452;below;2025+
VCNE;5;2026-04-22;2026-04-23;2026-04-30;453.0;424.0;-6.401766;-2.901533;above;2025+
VCNE;20;2025-10-07;2025-10-08;2025-11-05;472.1;509.7;7.964414;2.880201;above;2025+
VCNE;20;2025-11-05;2025-11-07;2025-12-08;498.0;474.4;-4.738956;-4.125615;above;2025+
VCNE;20;2026-04-09;2026-04-10;2026-05-11;419.0;420.0;0.238663;2.187631;below;2025+
WAF;5;2024-01-17;2024-01-18;2024-01-25;4150.0;4101.0;-1.180723;0.301186;above;2023-2024
WAF;5;2024-01-25;2024-01-26;2024-02-02;4110.0;4144.0;0.827251;-1.08766;above;2023-2024
WAF;5;2024-02-12;2024-02-13;2024-02-20;4150.0;4250.0;2.409639;1.477759;above;2023-2024
WAF;5;2024-02-20;2024-02-21;2024-02-28;4250.0;4325.0;1.764706;1.331642;above;2023-2024
WAF;5;2024-02-28;2024-02-29;2024-03-07;4325.0;4174.0;-3.491329;-1.194598;above;2023-2024
WAF;5;2024-03-15;2024-03-18;2024-03-25;4300.0;4300.0;0.0;-0.935377;above;2023-2024
WAF;5;2024-03-25;2024-03-26;2024-04-02;4300.0;4250.0;-1.162791;0.88627;above;2023-2024
WAF;5;2024-05-10;2024-05-13;2024-05-20;4310.0;4200.0;-2.552204;-0.716252;above;2023-2024
WAF;5;2024-08-16;2024-08-19;2024-08-28;4150.0;4120.0;-0.722892;-0.041612;above;2023-2024
WAF;5;2024-08-28;2024-08-29;2024-09-05;4150.0;4250.0;2.409639;-0.205668;above;2023-2024
WAF;5;2024-09-05;2024-09-06;2024-09-13;4250.0;4400.0;3.529412;0.629486;above;2023-2024
WAF;5;2024-09-13;2024-09-18;2024-09-25;4500.0;4500.0;0.0;1.38181;above;2023-2024
WAF;5;2024-09-25;2024-09-26;2024-10-03;4500.0;4479.0;-0.466667;-1.500768;above;2023-2024
WAF;5;2024-10-03;2024-10-04;2024-10-11;4479.0;4550.0;1.585175;-0.461776;above;2023-2024
WAF;5;2024-10-11;2024-10-14;2024-10-21;4550.0;4350.0;-4.395604;0.224007;above;2023-2024
WAF;5;2024-11-15;2024-11-19;2024-11-26;4445.0;4400.0;-1.012373;-1.102039;above;2023-2024
WAF;5;2024-12-04;2024-12-05;2024-12-12;4464.0;4301.0;-3.651434;-1.36814;above;2023-2024
WAF;5;2024-12-30;2024-12-31;2025-01-08;4460.0;4590.0;2.914798;6.433952;above;2023-2024
WAF;5;2025-01-08;2025-01-09;2025-01-17;4590.0;4690.0;2.178649;1.111537;above;2025+
WAF;5;2025-01-17;2025-01-20;2025-01-27;4550.0;4500.0;-1.098901;-0.518191;above;2025+
WAF;5;2025-02-28;2025-03-03;2025-03-10;4500.0;4500.0;0.0;-1.243798;above;2025+
WAF;5;2025-03-10;2025-03-11;2025-03-18;4500.0;4600.0;2.222222;2.201264;above;2025+
WAF;5;2025-03-18;2025-03-19;2025-03-26;4600.0;5200.0;13.043478;2.18077;above;2025+
WAF;5;2025-03-26;2025-03-27;2025-04-07;5600.0;4600.0;-17.857143;-7.565294;above;2025+
WAF;5;2025-04-15;2025-04-16;2025-04-23;4899.0;4894.0;-0.102062;0.582511;above;2025+
WAF;5;2025-04-23;2025-04-24;2025-05-02;4894.0;5140.0;5.026563;1.210679;above;2025+
WAF;5;2025-05-02;2025-05-05;2025-05-12;5150.0;5135.0;-0.291262;3.417173;above;2025+
WAF;5;2025-05-12;2025-05-13;2025-05-20;5135.0;5129.0;-0.116845;-0.047324;above;2025+
WAF;5;2025-05-20;2025-05-21;2025-05-28;5135.0;5125.0;-0.194742;-0.160827;above;2025+
WAF;5;2025-05-28;2025-05-29;2025-06-05;5125.0;5149.0;0.468293;4.293588;above;2025+
WAF;5;2025-06-05;2025-06-06;2025-06-16;5150.0;5279.0;2.504854;-2.067936;above;2025+
WAF;5;2025-06-16;2025-06-17;2025-06-24;5250.0;5150.0;-1.904762;0.805205;above;2025+
WAF;5;2025-07-03;2025-07-04;2025-07-11;5390.0;5385.0;-0.092764;1.877352;above;2025+
WAF;5;2025-07-11;2025-07-14;2025-07-21;5300.0;5318.0;0.339623;1.351991;above;2025+
WAF;5;2025-07-21;2025-07-22;2025-07-29;5318.0;5300.0;-0.338473;1.321397;above;2025+
WAF;5;2025-08-18;2025-08-19;2025-08-28;5290.0;5190.0;-1.890359;2.643586;above;2025+
WAF;5;2025-11-05;2025-11-07;2025-11-14;5195.0;5149.0;-0.885467;-3.232598;above;2025+
WAF;5;2025-11-14;2025-11-17;2025-11-25;5003.0;5100.0;1.938837;-0.613156;above;2025+
WAF;5;2026-02-19;2026-02-20;2026-02-27;5000.0;5000.0;0.0;-2.997106;below;2025+
WAF;5;2026-02-27;2026-03-02;2026-03-09;4850.0;4702.0;-3.051546;-4.853715;below;2025+
WAF;5;2026-03-17;2026-03-18;2026-03-27;4998.0;4851.0;-2.941176;-1.660871;below;2025+
WAF;5;2026-04-06;2026-04-07;2026-04-14;4900.0;5000.0;2.040816;7.837297;below;2025+
WAF;5;2026-04-14;2026-04-15;2026-04-22;5100.0;5500.0;7.843137;2.212452;below;2025+
WAF;5;2026-04-22;2026-04-23;2026-04-30;5500.0;5749.0;4.527273;-2.901533;above;2025+
WAF;5;2026-04-30;2026-05-04;2026-05-11;5600.0;5550.0;-0.892857;0.825337;below;2025+
WAF;5;2026-05-11;2026-05-12;2026-05-19;5550.0;5900.0;6.306306;-2.729843;above;2025+
WAF;5;2026-05-19;2026-05-20;2026-06-01;5850.0;5900.0;0.854701;4.467041;below;2025+
WAF;5;2026-06-01;2026-06-02;2026-06-09;5900.0;6000.0;1.694915;-0.418438;above;2025+
WAF;5;2026-06-09;2026-06-10;2026-06-18;5740.0;5620.0;-2.090592;1.186217;below;2025+
WAF;5;2026-08-10;2026-08-11;2026-08-19;5684.0;5600.0;-1.477833;1.543056;above;2025+
WAF;5;2026-08-19;2026-08-24;2026-09-02;5600.0;4980.0;-11.071429;-3.170803;above;2025+
WAF;20;2024-01-22;2024-01-23;2024-02-20;4100.0;4250.0;3.658537;1.087524;above;2023-2024
WAF;20;2024-02-20;2024-02-21;2024-03-20;4250.0;4300.0;1.176471;0.003318;above;2023-2024
WAF;20;2024-03-20;2024-03-21;2024-04-23;4300.0;4200.0;-2.325581;2.073579;above;2023-2024
WAF;20;2024-08-28;2024-08-29;2024-09-30;4150.0;4500.0;8.433735;3.141424;above;2023-2024
WAF;20;2024-09-30;2024-10-01;2024-10-29;4490.0;4400.0;-2.004454;0.326447;above;2023-2024
WAF;20;2024-12-30;2024-12-31;2025-01-30;4460.0;4500.0;0.896861;10.636498;above;2023-2024
WAF;20;2025-02-28;2025-03-03;2025-04-02;4500.0;5100.0;13.333333;5.259848;above;2025+
WAF;20;2025-04-02;2025-04-03;2025-05-02;4902.0;5140.0;4.855161;1.45118;above;2025+
WAF;20;2025-05-02;2025-05-05;2025-06-02;5150.0;5200.0;0.970874;4.335439;above;2025+
WAF;20;2025-06-02;2025-06-03;2025-07-03;5399.0;5390.0;-0.166698;1.444803;above;2025+
WAF;20;2025-07-03;2025-07-04;2025-08-04;5390.0;5280.0;-2.040816;4.819019;above;2025+
WAF;20;2025-11-05;2025-11-07;2025-12-08;5195.0;5100.0;-1.828681;-4.125615;above;2025+
WAF;20;2025-12-08;2025-12-09;2026-01-07;5100.0;5000.0;-1.960784;5.345772;above;2025+
WAF;20;2026-05-11;2026-05-12;2026-06-12;5550.0;5700.0;2.702703;-4.38936;above;2025+
WAF;60;2024-01-18;2024-01-19;2024-04-17;4100.0;4165.0;1.585366;5.516739;above;2023-2024
WAF;60;2024-10-17;2024-10-18;2025-01-16;4498.0;4890.0;8.714984;14.206527;above;2023-2024
WAF;60;2025-01-16;2025-01-17;2025-04-15;4690.0;4900.0;4.477612;6.46115;above;2025+
WAF;60;2025-04-15;2025-04-16;2025-07-14;4899.0;5300.0;8.185344;10.488766;above;2025+
WAF;60;2025-07-14;2025-07-15;2025-10-14;5345.0;5099.0;-4.602432;-2.803135;above;2025+
WAF;60;2026-04-10;2026-04-13;2026-07-13;5000.0;5321.0;6.42;-2.727012;below;2025+
